station_eva,direction,train_id,type,timestamp,tts
8000207,arrival,r17015112,d,2504300820,25-04-30 08:20:34.939
8000207,arrival,r17092643,f,2505011710,25-05-01 17:10:52.497
8000207,arrival,r17100215,d,2505012022,25-05-01 20:22:31.598
8000207,arrival,r17100386,f,2505012027,25-05-01 20:28:03.519
8000207,departure,r17015112,d,2504300820,25-04-30 08:20:34.939
8000207,departure,r17092643,f,2505011710,25-05-01 17:10:52.497
8000207,departure,r17100215,d,2505012022,25-05-01 20:22:31.598
8000207,departure,r17100386,f,2505012027,25-05-01 20:28:03.519
8000207,arrival,r17097705,d,2505011910,25-05-01 19:10:35.342
8000207,arrival,r17099026,f,2505011946,25-05-01 19:46:20.626
8000207,arrival,r17099846,f,2505012011,25-05-01 20:11:42.333
8000207,arrival,r17101555,d,2505012103,25-05-01 21:04:08.127
8000207,departure,r17101555,d,2505012103,25-05-01 21:04:08.127
8000207,departure,r17101778,f,2505012111,25-05-01 21:12:02.351
8000207,departure,r17101790,f,2505012112,25-05-01 21:12:18.024
8000207,arrival,r17101102,d,2505012050,25-05-01 20:50:43.370
8000207,departure,r17101102,d,2505012050,25-05-01 20:50:43.370
8000207,departure,r17101775,f,2505012111,25-05-01 21:12:02.351
8000207,departure,r17101777,f,2505012111,25-05-01 21:12:02.351
8000207,departure,r17101787,f,2505012112,25-05-01 21:12:18.023
8000207,departure,r17101789,f,2505012112,25-05-01 21:12:18.023
8000207,arrival,r17067637,d,2505010454,25-05-01 04:55:08.443
8000207,arrival,r17101448,q,2505012102,25-05-01 21:02:17.626
8000207,departure,r17101448,q,2505012102,25-05-01 21:02:17.626
8000207,arrival,r17102549,f,2505012139,25-05-01 21:39:41.841
8000207,departure,r17102549,f,2505012139,25-05-01 21:39:41.841
8000207,arrival,r17098616,d,2505011934,25-05-01 19:34:41.967
8000207,departure,r17098616,d,2505011934,25-05-01 19:34:41.967
8000207,departure,r17091867,f,2505011650,25-05-01 16:50:56.729
8000207,departure,r17094819,f,2505011759,25-05-01 17:59:28.932
8000207,departure,r17094821,f,2505011759,25-05-01 17:59:28.932
8000207,departure,r17096584,f,2505011843,25-05-01 18:44:03.453
8000207,departure,r17096586,f,2505011843,25-05-01 18:44:03.453
8000207,arrival,r17095329,d,2505011811,25-05-01 18:11:27.557
8000207,departure,r17095329,d,2505011811,25-05-01 18:11:27.557
8000207,departure,r17098407,f,2505011928,25-05-01 19:28:52.591
8000207,departure,r17099592,f,2505012004,25-05-01 20:04:33.815
8000207,arrival,r17097627,d,2505011907,25-05-01 19:07:23.603
8000207,arrival,r17101110,f,2505012051,25-05-01 20:51:14.987
8000207,departure,r17097627,d,2505011907,25-05-01 19:07:23.603
8000207,departure,r17098786,f,2505011938,25-05-01 19:38:09.064
8000207,departure,r17099612,f,2505012005,25-05-01 20:05:21.376
8000207,departure,r17099614,f,2505012005,25-05-01 20:05:21.376
8000207,departure,r17099761,f,2505012009,25-05-01 20:09:19.966
8000207,departure,r17099763,f,2505012009,25-05-01 20:09:19.966
8000207,departure,r17101110,f,2505012051,25-05-01 20:51:14.987
8000207,departure,r17101763,f,2505012111,25-05-01 21:11:46.630
8000207,departure,r17101764,f,2505012111,25-05-01 21:11:46.630
8000207,arrival,r17103264,d,2505012204,25-05-01 22:04:40.088
8000207,departure,r17103264,d,2505012204,25-05-01 22:04:40.088
8000207,departure,r17098783,f,2505011938,25-05-01 19:38:09.064
8000207,departure,r17098785,f,2505011938,25-05-01 19:38:09.064
8000207,departure,r17099591,f,2505012004,25-05-01 20:04:33.815
8000207,departure,r17098788,f,2505011938,25-05-01 19:38:09.064
8000207,departure,r17099616,f,2505012005,25-05-01 20:05:21.376
8000207,departure,r17099764,f,2505012009,25-05-01 20:09:19.966
8000207,departure,r17096587,f,2505011843,25-05-01 18:44:03.453
8000207,departure,r17098404,f,2505011928,25-05-01 19:28:52.591
8000207,departure,r17098406,f,2505011928,25-05-01 19:28:52.591
8000207,departure,r17099588,f,2505012004,25-05-01 20:04:33.815
8000207,departure,r17099590,f,2505012004,25-05-01 20:04:33.815
8000207,arrival,r17095983,d,2505011826,25-05-01 18:26:34.263
8000207,arrival,r17096576,f,2505011843,25-05-01 18:44:03.453
8000207,arrival,r17097470,f,2505011902,25-05-01 19:02:52.542
8000207,arrival,r17068387,f,2505010619,25-05-01 06:19:56.118
8000207,arrival,r17102673,d,2505012143,25-05-01 21:43:54.030
8000207,arrival,r17103355,d,2505012208,25-05-01 22:08:20.528
8000207,departure,r17068387,f,2505010619,25-05-01 06:19:56.118
8000207,departure,r17099835,f,2505012011,25-05-01 20:11:26.346
8000207,departure,r17099839,f,2505012011,25-05-01 20:11:42.333
8000207,departure,r17102673,d,2505012143,25-05-01 21:43:54.030
8000207,departure,r17103355,d,2505012208,25-05-01 22:08:20.528
8000207,arrival,r17103291,d,2505012205,25-05-01 22:05:58.774
8000207,arrival,r17103317,d,2505012206,25-05-01 22:06:30.336
8000207,arrival,r17103342,f,2505012207,25-05-01 22:07:33.436
8000207,arrival,r17103343,f,2505012207,25-05-01 22:07:33.436
8000207,departure,r17103291,d,2505012205,25-05-01 22:05:58.774
8000207,departure,r17103317,d,2505012206,25-05-01 22:06:30.336
8000207,departure,r17103342,f,2505012207,25-05-01 22:07:33.436
8000207,departure,r17103343,f,2505012207,25-05-01 22:07:33.436
8000207,arrival,r17091607,f,2505011646,25-05-01 16:46:09.665
8000207,arrival,r17091608,f,2505011646,25-05-01 16:46:09.665
8000207,arrival,r17090524,f,2505011628,25-05-01 16:28:05.683
8000207,arrival,r17096180,d,2505011832,25-05-01 18:32:24.319
8000207,arrival,r17097519,f,2505011904,25-05-01 19:05:00.282
8000207,arrival,r17098132,f,2505011920,25-05-01 19:20:39.878
8000207,departure,r17090524,f,2505011628,25-05-01 16:28:05.683
8000207,departure,r17096180,d,2505011832,25-05-01 18:32:24.319
8000207,departure,r17097519,f,2505011904,25-05-01 19:05:00.282
8000207,departure,r17098132,f,2505011920,25-05-01 19:20:39.878
8000207,departure,r17101774,f,2505012111,25-05-01 21:12:02.351
8000207,arrival,r17067645,d,2505010455,25-05-01 04:55:39.190
8000207,arrival,r17076676,f,2505011111,25-05-01 11:11:57.414
8000207,arrival,r17100246,d,2505012023,25-05-01 20:23:50.764
8000207,departure,r17099615,f,2505012005,25-05-01 20:05:21.376
8000207,departure,r17100246,d,2505012023,25-05-01 20:23:50.764
8000207,departure,r17101770,f,2505012111,25-05-01 21:12:02.351
8000207,departure,r17101772,f,2505012111,25-05-01 21:12:02.351
8000207,departure,r17101791,f,2505012112,25-05-01 21:12:18.024
8000207,arrival,r17067639,d,2505010455,25-05-01 04:55:08.443
8000207,arrival,r17102422,d,2505012135,25-05-01 21:35:28.768
8000207,arrival,r17067647,d,2505010455,25-05-01 04:55:39.191
8000207,arrival,r17091942,f,2505011651,25-05-01 16:52:01.004
8000207,arrival,r17102730,d,2505012146,25-05-01 21:46:31.216
8000207,departure,r17102730,d,2505012146,25-05-01 21:46:31.216
8000207,arrival,r17103088,f,2505012157,25-05-01 21:57:34.880
8000207,departure,r17103088,f,2505012157,25-05-01 21:57:34.880
8000207,departure,r17101779,f,2505012111,25-05-01 21:12:02.351
8000207,arrival,r17067705,d,2505010459,25-05-01 04:59:30.243
8000207,arrival,r17096572,d,2505011843,25-05-01 18:43:47.522
8000207,arrival,r17101560,d,2505012104,25-05-01 21:04:08.128
8000207,arrival,r17101771,f,2505012111,25-05-01 21:12:02.351
8000207,arrival,r17101776,f,2505012111,25-05-01 21:12:02.351
8000207,arrival,r17099762,f,2505012009,25-05-01 20:09:19.966
8000207,arrival,r17100263,d,2505012023,25-05-01 20:24:06.575
8000207,arrival,r17101036,f,2505012047,25-05-01 20:48:05.359
8000207,departure,r17100263,d,2505012023,25-05-01 20:24:06.575
8000207,arrival,r17100713,d,2505012037,25-05-01 20:37:48.460
8000207,arrival,r17102668,f,2505012143,25-05-01 21:43:22.419
8000207,arrival,r17103005,d,2505012154,25-05-01 21:54:56.683
8000207,departure,r17098743,f,2505011936,25-05-01 19:37:05.298
8000207,departure,r17099831,f,2505012011,25-05-01 20:11:26.346
8000207,departure,r17099833,f,2505012011,25-05-01 20:11:26.346
8000207,departure,r17100713,d,2505012037,25-05-01 20:37:48.460
8000207,departure,r17101753,f,2505012111,25-05-01 21:11:30.778
8000207,departure,r17101757,f,2505012111,25-05-01 21:11:30.778
8000207,departure,r17101754,f,2505012111,25-05-01 21:11:30.778
8000207,departure,r17101758,f,2505012111,25-05-01 21:11:30.778
8000207,departure,r17102668,f,2505012143,25-05-01 21:43:22.419
8000207,departure,r17103005,d,2505012154,25-05-01 21:54:56.683
8000207,arrival,r17092112,q,2505011657,25-05-01 16:58:07.062
8000207,departure,r17092112,q,2505011657,25-05-01 16:58:07.062
8000207,departure,r17101792,f,2505012112,25-05-01 21:12:18.024
8000207,arrival,r17102922,f,2505012152,25-05-01 21:52:19.026
8000207,departure,r17102922,f,2505012152,25-05-01 21:52:19.026
8000207,arrival,r17102726,d,2505012146,25-05-01 21:46:31.215
8000207,arrival,r17067713,d,2505010459,25-05-01 05:00:01.317
8000207,arrival,r17086176,d,2505011456,25-05-01 14:56:38.522
8000207,arrival,r17086260,f,2505011458,25-05-01 14:58:29.771
8000207,arrival,r17094198,f,2505011744,25-05-01 17:44:05.384
8000207,arrival,r17094339,f,2505011747,25-05-01 17:47:16.901
8000207,arrival,r17095266,f,2505011809,25-05-01 18:09:51.746
8000207,arrival,r17098576,f,2505011932,25-05-01 19:32:50.843
8000207,arrival,r17099556,d,2505012003,25-05-01 20:03:30.403
8000207,arrival,r17099812,f,2505012010,25-05-01 20:10:54.751
8000207,arrival,r17101756,f,2505012111,25-05-01 21:11:30.778
8000207,arrival,r17067641,d,2505010455,25-05-01 04:55:23.804
8000207,arrival,r17101788,f,2505012112,25-05-01 21:12:18.024
8000207,arrival,r17067711,d,2505010459,25-05-01 05:00:01.318
8000207,arrival,r17086178,d,2505011456,25-05-01 14:56:38.523
8000207,arrival,r17086261,f,2505011458,25-05-01 14:58:29.771
8000207,arrival,r17092195,f,2505011659,25-05-01 16:59:42.048
8000207,arrival,r17094199,f,2505011744,25-05-01 17:44:05.384
8000207,arrival,r17094340,f,2505011747,25-05-01 17:47:16.901
8000207,arrival,r17095265,f,2505011809,25-05-01 18:09:51.746
8000207,arrival,r17099813,f,2505012010,25-05-01 20:10:54.751
8000207,arrival,r17101755,f,2505012111,25-05-01 21:11:30.778
8000207,arrival,r17098866,d,2505011940,25-05-01 19:40:47.246
8000207,departure,r17098866,d,2505011940,25-05-01 19:40:47.246
8000207,departure,r17099597,f,2505012004,25-05-01 20:04:33.815
8000207,departure,r17101765,f,2505012111,25-05-01 21:11:46.630
8000207,departure,r17101766,f,2505012111,25-05-01 21:11:46.630
8000207,departure,r17099617,f,2505012005,25-05-01 20:05:21.376
8000207,departure,r17101773,f,2505012111,25-05-01 21:12:02.351
8000207,arrival,r17085633,f,2505011444,25-05-01 14:44:27.782
8000207,arrival,r17085634,f,2505011444,25-05-01 14:44:27.782
8000207,arrival,r17102709,f,2505012145,25-05-01 21:45:44.168
8000207,arrival,r17102710,f,2505012145,25-05-01 21:45:44.168
8000207,departure,r17085633,f,2505011444,25-05-01 14:44:27.782
8000207,departure,r17085634,f,2505011444,25-05-01 14:44:27.782
8000207,departure,r17102709,f,2505012145,25-05-01 21:45:44.168
8000207,departure,r17102710,f,2505012145,25-05-01 21:45:44.168
8000207,arrival,r17099888,d,2505012013,25-05-01 20:13:16.948
8000207,arrival,r17100370,q,2505012027,25-05-01 20:27:16.168
8000207,departure,r17099888,d,2505012013,25-05-01 20:13:16.948
8000207,departure,r17100370,q,2505012027,25-05-01 20:27:16.168
8000207,departure,r17099621,f,2505012005,25-05-01 20:05:21.376
8000207,departure,r17099840,f,2505012011,25-05-01 20:11:42.333
8000207,departure,r17101038,f,2505012047,25-05-01 20:48:05.359
8000207,arrival,r17102507,d,2505012137,25-05-01 21:37:35.482
8000207,departure,r17102507,d,2505012137,25-05-01 21:37:35.482
8000207,arrival,r17067635,d,2505010454,25-05-01 04:54:52.990
8000207,arrival,r17088191,q,2505011544,25-05-01 15:44:53.217
8000207,arrival,r17100599,d,2505012034,25-05-01 20:34:38.444
8000207,arrival,r17100619,d,2505012035,25-05-01 20:35:10.002
8000207,arrival,r17102391,f,2505012134,25-05-01 21:34:41.570
8000207,departure,r17102391,f,2505012134,25-05-01 21:34:41.570
8000207,arrival,r17099613,f,2505012005,25-05-01 20:05:21.376
8000207,arrival,r17099619,f,2505012005,25-05-01 20:05:21.376
8000207,arrival,r17099832,f,2505012011,25-05-01 20:11:26.346
8000207,arrival,r17099837,f,2505012011,25-05-01 20:11:42.333
8000207,arrival,r17102048,f,2505012121,25-05-01 21:21:48.443
8000207,arrival,r17097761,q,2505011911,25-05-01 19:11:39.180
8000207,arrival,r17099008,f,2505011945,25-05-01 19:45:49.172
8000207,arrival,r17099009,f,2505011945,25-05-01 19:45:49.172
8000207,arrival,r17099011,q,2505011945,25-05-01 19:45:49.172
8000207,arrival,r17100988,d,2505012046,25-05-01 20:47:02.088
8000207,arrival,r17102007,f,2505012119,25-05-01 21:19:57.307
8000207,arrival,r17015167,d,2504300821,25-04-30 08:21:55.171
8000207,arrival,r17045964,f,2504301744,25-04-30 17:45:02.146
8000207,arrival,r17101985,d,2505012118,25-05-01 21:19:10.077
8000207,arrival,r17102124,f,2505012124,25-05-01 21:25:12.916
8000207,departure,r17015167,d,2504300821,25-04-30 08:21:55.171
8000207,departure,r17045964,f,2504301744,25-04-30 17:45:02.146
8000207,departure,r17101985,d,2505012118,25-05-01 21:19:10.077
8000207,departure,r17102124,f,2505012124,25-05-01 21:25:12.916
8000207,departure,r17098792,f,2505011938,25-05-01 19:38:09.064
8000207,departure,r17098787,f,2505011938,25-05-01 19:38:09.064
8000207,arrival,r17055398,f,2504302020,25-04-30 20:21:04.511
8000207,arrival,r17055399,f,2504302020,25-04-30 20:21:04.511
8000207,arrival,r17098839,f,2505011939,25-05-01 19:39:28.121
8000207,arrival,r17099509,d,2505012000,25-05-01 20:00:36.265
8000207,arrival,r17100842,d,2505012041,25-05-01 20:41:14.472
8000207,arrival,r17101389,d,2505012100,25-05-01 21:00:27.576
8000207,arrival,r17096231,q,2505011833,25-05-01 18:33:59.574
8000207,arrival,r17098444,d,2505011928,25-05-01 19:29:08.370
8000207,arrival,r17098750,d,2505011937,25-05-01 19:37:21.236
8000207,arrival,r17098869,d,2505011940,25-05-01 19:41:03.046
8000207,departure,r17096231,q,2505011833,25-05-01 18:33:59.574
8000207,departure,r17098444,d,2505011928,25-05-01 19:29:08.370
8000207,departure,r17098750,d,2505011937,25-05-01 19:37:21.236
8000207,departure,r17098869,d,2505011940,25-05-01 19:41:03.046
8000207,arrival,r17066317,q,2505010224,25-05-01 02:24:40.140
8000207,arrival,r17071223,d,2505010832,25-05-01 08:32:16.312
8000207,arrival,r17084075,f,2505011407,25-05-01 14:07:56.628
8000207,arrival,r17085279,q,2505011435,25-05-01 14:35:43.403
8000207,departure,r17066317,q,2505010224,25-05-01 02:24:40.140
8000207,departure,r17071223,d,2505010832,25-05-01 08:32:16.312
8000207,departure,r17084075,f,2505011407,25-05-01 14:07:56.628
8000207,departure,r17085279,q,2505011435,25-05-01 14:35:43.403
8000207,departure,r17086684,f,2505011509,25-05-01 15:09:38.187
8000207,arrival,r17079413,d,2505011218,25-05-01 12:18:53.979
8000207,arrival,r17081799,d,2505011318,25-05-01 13:19:02.533
8000207,arrival,r17081801,d,2505011318,25-05-01 13:19:02.533
8000207,arrival,r17094690,d,2505011756,25-05-01 17:56:18.480
8000207,departure,r17079413,d,2505011218,25-05-01 12:18:53.979
8000207,departure,r17081799,d,2505011318,25-05-01 13:19:02.533
8000207,departure,r17081801,d,2505011318,25-05-01 13:19:02.533
8000207,departure,r17094690,d,2505011756,25-05-01 17:56:18.480
8000207,departure,r17028709,d,2504301318,25-04-30 13:18:21.542
8000207,departure,r17064981,d,2505010148,25-05-01 01:48:55.411
8000207,departure,r17100221,d,2505012022,25-05-01 20:22:47.483
8000207,arrival,r17100488,d,2505012030,25-05-01 20:30:56.952
8000207,arrival,r17100760,d,2505012038,25-05-01 20:38:51.895
8000207,arrival,r17100328,d,2505012025,25-05-01 20:25:57.153
8000207,arrival,r17100326,d,2505012025,25-05-01 20:25:57.153
8000207,arrival,r17100280,d,2505012024,25-05-01 20:24:54.229
8000207,arrival,r17100269,d,2505012024,25-05-01 20:24:22.528
8000207,departure,r17100269,d,2505012024,25-05-01 20:24:22.528
8000207,arrival,r17101730,d,2505012110,25-05-01 21:10:43.479
8000207,departure,r17101730,d,2505012110,25-05-01 21:10:43.479
8000207,arrival,r17093959,d,2505011738,25-05-01 17:38:15.586
8000207,arrival,r17101608,d,2505012106,25-05-01 21:06:30.344
8000207,departure,r17093959,d,2505011738,25-05-01 17:38:15.586
8000207,departure,r17101608,d,2505012106,25-05-01 21:06:30.344
8000207,arrival,r17067630,d,2505010454,25-05-01 04:54:37.641
8000207,arrival,r17093896,d,2505011736,25-05-01 17:36:56.309
8000207,arrival,r17094720,f,2505011756,25-05-01 17:56:34.451
8000207,arrival,r17098521,d,2505011931,25-05-01 19:31:46.846
8000207,departure,r17099834,f,2505012011,25-05-01 20:11:26.346
8000207,departure,r17101759,f,2505012111,25-05-01 21:11:30.778
8000207,departure,r17101760,f,2505012111,25-05-01 21:11:30.778
8000207,departure,r17101761,f,2505012111,25-05-01 21:11:30.777
8000207,departure,r17101762,f,2505012111,25-05-01 21:11:30.778
8000207,arrival,r17099884,d,2505012013,25-05-01 20:13:16.948
8000207,departure,r17099884,d,2505012013,25-05-01 20:13:16.948
8000207,departure,r17100068,d,2505012017,25-05-01 20:18:02.513
8000207,arrival,r17100064,d,2505012017,25-05-01 20:17:46.483
8000207,departure,r17100064,d,2505012017,25-05-01 20:17:46.483
8000207,arrival,r17093399,f,2505011725,25-05-01 17:25:30.803
8000207,arrival,r17098784,f,2505011938,25-05-01 19:38:09.064
8000207,arrival,r17098790,f,2505011938,25-05-01 19:38:09.064
8000207,arrival,r17100242,d,2505012023,25-05-01 20:23:34.946
8000207,arrival,r17101275,d,2505012056,25-05-01 20:56:47.609
8000207,arrival,r17101277,d,2505012056,25-05-01 20:56:47.609
8000207,departure,r17093399,f,2505011725,25-05-01 17:25:30.803
8000207,departure,r17096581,f,2505011843,25-05-01 18:44:03.453
8000207,departure,r17100242,d,2505012023,25-05-01 20:23:34.946
8000207,departure,r17101275,d,2505012056,25-05-01 20:56:47.609
8000207,departure,r17101277,d,2505012056,25-05-01 20:56:47.609
8000207,arrival,r17099147,f,2505011949,25-05-01 19:49:30.812
8000207,arrival,r17101569,q,2505012104,25-05-01 21:04:23.897
8000207,departure,r17101569,q,2505012104,25-05-01 21:04:23.897
8000207,arrival,r17067632,d,2505010454,25-05-01 04:54:52.990
8000207,arrival,r17081586,f,2505011310,25-05-01 13:10:53.204
8000207,departure,r17100384,f,2505012027,25-05-01 20:28:03.519
8000207,departure,r17100385,f,2505012027,25-05-01 20:28:03.519
8000207,departure,r17101284,q,2505012056,25-05-01 20:57:03.415
8000207,departure,r17098789,f,2505011938,25-05-01 19:38:09.064
8000207,departure,r17098791,f,2505011938,25-05-01 19:38:09.064
8000207,departure,r17099618,f,2505012005,25-05-01 20:05:21.376
8000207,departure,r17099620,f,2505012005,25-05-01 20:05:21.376
8000207,departure,r17099836,f,2505012011,25-05-01 20:11:42.333
8000207,departure,r17099838,f,2505012011,25-05-01 20:11:42.333
8000207,departure,r17101030,f,2505012047,25-05-01 20:47:49.555
8000207,departure,r17101035,f,2505012047,25-05-01 20:48:05.359
8000207,departure,r17101037,f,2505012047,25-05-01 20:48:05.359
8000207,arrival,r17095478,d,2505011815,25-05-01 18:15:25.630
8000207,departure,r17095478,d,2505011815,25-05-01 18:15:25.630
8000207,arrival,r17097717,d,2505011910,25-05-01 19:10:35.341
8000207,departure,r17097717,d,2505011910,25-05-01 19:10:35.341
8000207,arrival,r17096012,d,2505011827,25-05-01 18:27:21.888
8000207,arrival,r17098058,d,2505011919,25-05-01 19:19:36.228
8000207,arrival,r17100712,d,2505012037,25-05-01 20:37:48.460
8000207,departure,r17094822,f,2505011759,25-05-01 17:59:28.932
8000207,departure,r17096012,d,2505011827,25-05-01 18:27:21.888
8000207,departure,r17098058,d,2505011919,25-05-01 19:19:36.228
8000207,departure,r17100712,d,2505012037,25-05-01 20:37:48.460
8000207,arrival,r17098225,d,2505011923,25-05-01 19:23:19.439
8000207,arrival,r17098468,d,2505011929,25-05-01 19:29:56.025
8000207,arrival,r17098491,d,2505011930,25-05-01 19:30:27.559
8000207,arrival,r17098997,d,2505011944,25-05-01 19:45:01.184
8000207,arrival,r17099034,d,2505011946,25-05-01 19:46:36.593
8000207,departure,r17098225,d,2505011923,25-05-01 19:23:19.439
8000207,departure,r17098468,d,2505011929,25-05-01 19:29:56.025
8000207,departure,r17098491,d,2505011930,25-05-01 19:30:27.559
8000207,departure,r17098997,d,2505011944,25-05-01 19:45:01.184
8000207,departure,r17099034,d,2505011946,25-05-01 19:46:36.593
8000207,arrival,r17099717,d,2505012007,25-05-01 20:08:00.827
8000207,arrival,r17100920,d,2505012043,25-05-01 20:43:52.732
8000207,departure,r17099598,f,2505012004,25-05-01 20:04:33.815
8000207,departure,r17100920,d,2505012043,25-05-01 20:43:52.732
8000207,arrival,r17067719,d,2505010500,25-05-01 05:00:32.286
8000207,arrival,r17095011,f,2505011805,25-05-01 18:05:19.330
8000207,arrival,r17095122,f,2505011807,25-05-01 18:07:27.496
8000207,arrival,r17098925,f,2505011942,25-05-01 19:42:38.168
8000207,arrival,r17100903,d,2505012043,25-05-01 20:43:21.081
8000207,arrival,r17100868,d,2505012042,25-05-01 20:42:17.620
8000207,arrival,r17085927,f,2505011450,25-05-01 14:50:32.668
8000207,arrival,r17086066,f,2505011453,25-05-01 14:53:11.311
8000207,arrival,r17089574,d,2505011610,25-05-01 16:10:36.313
8000207,arrival,r17089931,f,2505011620,25-05-01 16:20:39.992
8000207,arrival,r17091979,f,2505011653,25-05-01 16:53:20.236
8000207,arrival,r17096671,d,2505011847,25-05-01 18:47:14.498
8000207,arrival,r17096677,f,2505011847,25-05-01 18:47:14.498
8000207,arrival,r17098405,f,2505011928,25-05-01 19:28:52.591
8000207,arrival,r17098409,f,2505011928,25-05-01 19:28:52.591
8000207,arrival,r17098428,f,2505011928,25-05-01 19:29:08.371
8000207,arrival,r17098482,d,2505011930,25-05-01 19:30:11.789
8000207,arrival,r17099589,f,2505012004,25-05-01 20:04:33.815
8000207,arrival,r17099595,f,2505012004,25-05-01 20:04:33.815
8000207,departure,r17085927,f,2505011450,25-05-01 14:50:32.668
8000207,departure,r17086066,f,2505011453,25-05-01 14:53:11.311
8000207,departure,r17089574,d,2505011610,25-05-01 16:10:36.313
8000207,departure,r17089931,f,2505011620,25-05-01 16:20:39.992
8000207,departure,r17091979,f,2505011653,25-05-01 16:53:20.236
8000207,departure,r17096582,f,2505011843,25-05-01 18:44:03.453
8000207,departure,r17096671,d,2505011847,25-05-01 18:47:14.498
8000207,departure,r17096677,f,2505011847,25-05-01 18:47:14.498
8000207,departure,r17098482,d,2505011930,25-05-01 19:30:11.789
8000207,arrival,r17100500,d,2505012031,25-05-01 20:31:12.644
8000207,arrival,r17100772,d,2505012038,25-05-01 20:38:51.895
8000207,arrival,r17096097,d,2505011829,25-05-01 18:29:44.699
8000207,departure,r17096097,d,2505011829,25-05-01 18:29:44.699
8000207,departure,r17098411,f,2505011928,25-05-01 19:28:52.590
8000207,departure,r17098431,f,2505011928,25-05-01 19:29:08.369
8000207,departure,r17099600,f,2505012004,25-05-01 20:04:33.815
8000207,arrival,r17095534,d,2505011816,25-05-01 18:16:13.258
8000207,arrival,r17099500,d,2505011959,25-05-01 20:00:04.744
8000207,departure,r17095534,d,2505011816,25-05-01 18:16:13.258
8000207,departure,r17099500,d,2505011959,25-05-01 20:00:04.744
8000207,arrival,r17100466,d,2505012030,25-05-01 20:30:41.173
8000207,arrival,r17100745,d,2505012038,25-05-01 20:38:20.267
8000207,arrival,r17099328,d,2505011954,25-05-01 19:54:32.936
8000207,departure,r17099328,d,2505011954,25-05-01 19:54:32.936
8000207,arrival,r17100655,d,2505012036,25-05-01 20:36:13.411
8000207,arrival,r17098102,d,2505011920,25-05-01 19:20:08.150
8000207,departure,r17098102,d,2505011920,25-05-01 19:20:08.150
8000207,departure,r17098430,f,2505011928,25-05-01 19:29:08.369
8000207,departure,r17099599,f,2505012004,25-05-01 20:04:33.815
8000207,arrival,r17093899,d,2505011736,25-05-01 17:36:56.309
8000207,arrival,r17097741,d,2505011911,25-05-01 19:11:07.253
8000207,arrival,r17097770,d,2505011911,25-05-01 19:11:55.003
8000207,departure,r17093899,d,2505011736,25-05-01 17:36:56.309
8000207,departure,r17096588,f,2505011843,25-05-01 18:44:03.452
8000207,departure,r17096590,f,2505011843,25-05-01 18:44:03.452
8000207,departure,r17097741,d,2505011911,25-05-01 19:11:07.253
8000207,departure,r17097770,d,2505011911,25-05-01 19:11:55.003
8000207,arrival,r17095649,d,2505011820,25-05-01 18:20:12.274
8000207,arrival,r17098927,d,2505011942,25-05-01 19:42:54.074
8000207,departure,r17095649,d,2505011820,25-05-01 18:20:12.274
8000207,departure,r17098927,d,2505011942,25-05-01 19:42:54.074
8000207,arrival,r17100564,d,2505012033,25-05-01 20:33:35.503
8000207,arrival,r17098803,f,2505011938,25-05-01 19:38:24.896
8000207,arrival,r17100062,d,2505012017,25-05-01 20:17:46.484
8000207,departure,r17100062,d,2505012017,25-05-01 20:17:46.484
8000207,arrival,r17100421,d,2505012028,25-05-01 20:28:50.778
8000207,departure,r17100421,d,2505012028,25-05-01 20:28:50.778
8000207,arrival,r17100409,d,2505012028,25-05-01 20:28:19.268
8000207,arrival,r17100364,f,2505012026,25-05-01 20:27:00.435
8000207,arrival,r17100365,f,2505012026,25-05-01 20:27:00.435
8000207,arrival,r17100358,d,2505012026,25-05-01 20:26:44.502
8000207,departure,r17100358,d,2505012026,25-05-01 20:26:44.502
8000207,arrival,r17100341,d,2505012026,25-05-01 20:26:28.641
8000207,departure,r17100341,d,2505012026,25-05-01 20:26:28.641
8000207,arrival,r17100349,d,2505012026,25-05-01 20:26:28.640
8000207,arrival,r17100291,d,2505012025,25-05-01 20:25:09.989
8000207,departure,r17100291,d,2505012025,25-05-01 20:25:09.989
8000207,arrival,r17100261,d,2505012023,25-05-01 20:24:06.575
8000207,arrival,r17100259,d,2505012023,25-05-01 20:24:06.575
8000207,arrival,r17098243,d,2505011923,25-05-01 19:24:07.263
8000207,departure,r17098243,d,2505011923,25-05-01 19:24:07.263
8000207,arrival,r17100237,d,2505012023,25-05-01 20:23:19.061
8000207,arrival,r17100226,d,2505012023,25-05-01 20:23:03.235
8000207,departure,r17100226,d,2505012023,25-05-01 20:23:03.235
8000207,arrival,r17100203,d,2505012022,25-05-01 20:22:15.683
8000207,arrival,r17100181,d,2505012021,25-05-01 20:21:43.980
8000207,departure,r17028796,d,2504301320,25-04-30 13:20:30.136
8000207,departure,r17064990,d,2505010148,25-05-01 01:48:55.410
8000207,departure,r17100174,d,2505012021,25-05-01 20:21:28.046
8000207,arrival,r17093205,d,2505011720,25-05-01 17:20:43.903
8000207,arrival,r17094310,f,2505011746,25-05-01 17:46:44.732
8000207,arrival,r17094903,d,2505011801,25-05-01 18:01:36.070
8000207,departure,r17093205,d,2505011720,25-05-01 17:20:43.903
8000207,departure,r17094310,f,2505011746,25-05-01 17:46:44.732
8000207,departure,r17094903,d,2505011801,25-05-01 18:01:36.070
8000207,arrival,r17100140,d,2505012020,25-05-01 20:20:25.040
8000207,arrival,r17099326,d,2505011954,25-05-01 19:54:32.936
8000207,departure,r17099326,d,2505011954,25-05-01 19:54:32.936
8000207,arrival,r17100132,d,2505012020,25-05-01 20:20:09.222
8000207,departure,r17100081,d,2505012018,25-05-01 20:18:34.277
8000207,departure,r17100123,d,2505012019,25-05-01 20:19:53.491
8000207,arrival,r17100115,d,2505012019,25-05-01 20:19:37.715
8000207,departure,r17028763,d,2504301319,25-04-30 13:19:41.955
8000207,departure,r17064987,d,2505010148,25-05-01 01:48:55.410
8000207,departure,r17100108,d,2505012019,25-05-01 20:19:37.714
8000207,departure,r17028729,d,2504301318,25-04-30 13:18:53.764
8000207,departure,r17064983,d,2505010148,25-05-01 01:48:55.410
8000207,departure,r17100084,d,2505012018,25-05-01 20:18:50.061
8000207,departure,r17100090,d,2505012018,25-05-01 20:18:50.061
8000207,arrival,r17100059,d,2505012017,25-05-01 20:17:46.484
8000207,departure,r17100059,d,2505012017,25-05-01 20:17:46.484
8000207,departure,r17051008,f,2504301900,25-04-30 19:00:32.182
8000207,departure,r17095026,d,2505011805,25-05-01 18:05:35.302
8000207,departure,r17095920,d,2505011825,25-05-01 18:25:46.785
8000207,departure,r17096881,d,2505011853,25-05-01 18:53:36.186
8000207,departure,r17098041,d,2505011918,25-05-01 19:19:04.721
8000207,departure,r17098516,d,2505011931,25-05-01 19:31:30.990
8000207,arrival,r17096923,d,2505011854,25-05-01 18:54:55.446
8000207,departure,r17096923,d,2505011854,25-05-01 18:54:55.446
8000207,departure,r17099149,f,2505011949,25-05-01 19:49:30.811
8000207,arrival,r17097596,d,2505011906,25-05-01 19:06:19.897
8000207,arrival,r17098136,f,2505011920,25-05-01 19:20:39.877
8000207,departure,r17097596,d,2505011906,25-05-01 19:06:19.897
8000207,departure,r17098136,f,2505011920,25-05-01 19:20:39.877
8000207,arrival,r17036159,d,2504301524,25-04-30 15:24:39.181
8000207,arrival,r17042286,f,2504301659,25-04-30 16:59:23.223
8000207,arrival,r17065353,d,2505010149,25-05-01 01:49:57.361
8000207,arrival,r17065444,f,2505010150,25-05-01 01:50:12.751
8000207,departure,r17036159,d,2504301524,25-04-30 15:24:39.181
8000207,departure,r17042286,f,2504301659,25-04-30 16:59:23.223
8000207,departure,r17065353,d,2505010149,25-05-01 01:49:57.361
8000207,departure,r17065444,f,2505010150,25-05-01 01:50:12.751
8000207,departure,r17097345,f,2505011900,25-05-01 19:00:44.430
8000207,departure,r17085645,f,2505011444,25-05-01 14:44:59.462
8000207,departure,r17085646,f,2505011444,25-05-01 14:44:59.462
8000207,arrival,r17067624,d,2505010453,25-05-01 04:53:36.087
8000207,arrival,r17088942,f,2505011557,25-05-01 15:57:52.226
8000207,arrival,r17091724,d,2505011648,25-05-01 16:49:05.247
8000207,arrival,r17099018,d,2505011945,25-05-01 19:45:49.172
8000207,arrival,r17067708,d,2505010459,25-05-01 04:59:45.636
8000207,arrival,r17091594,d,2505011645,25-05-01 16:45:53.750
8000207,arrival,r17093286,d,2505011722,25-05-01 17:22:35.535
8000207,arrival,r17097681,d,2505011909,25-05-01 19:09:31.526
8000207,arrival,r17097864,d,2505011914,25-05-01 19:14:34.341
8000207,arrival,r17098525,d,2505011931,25-05-01 19:32:02.713
8000207,arrival,r17099002,d,2505011945,25-05-01 19:45:17.315
8000207,arrival,r17067715,d,2505010459,25-05-01 05:00:01.318
8000207,arrival,r17084982,d,2505011429,25-05-01 14:29:37.732
8000207,arrival,r17085442,d,2505011440,25-05-01 14:40:12.914
8000207,arrival,r17087289,f,2505011520,25-05-01 15:21:02.491
8000207,arrival,r17087729,f,2505011532,25-05-01 15:32:25.815
8000207,arrival,r17088597,d,2505011551,25-05-01 15:51:15.268
8000207,arrival,r17090317,f,2505011625,25-05-01 16:25:58.422
8000207,arrival,r17092729,d,2505011712,25-05-01 17:12:12.671
8000207,departure,r17067715,d,2505010459,25-05-01 05:00:01.318
8000207,departure,r17084982,d,2505011429,25-05-01 14:29:37.732
8000207,departure,r17085424,d,2505011438,25-05-01 14:39:09.716
8000207,departure,r17085442,d,2505011440,25-05-01 14:40:12.914
8000207,departure,r17087289,f,2505011520,25-05-01 15:21:02.491
8000207,departure,r17087729,f,2505011532,25-05-01 15:32:25.815
8000207,departure,r17088597,d,2505011551,25-05-01 15:51:15.268
8000207,departure,r17090317,f,2505011625,25-05-01 16:25:58.422
8000207,departure,r17092729,d,2505011712,25-05-01 17:12:12.671
8000207,arrival,r17067614,d,2505010453,25-05-01 04:53:20.692
8000207,arrival,r17085248,d,2505011434,25-05-01 14:34:55.349
8000207,arrival,r17089131,d,2505011602,25-05-01 16:02:37.166
8000207,arrival,r17094596,d,2505011752,25-05-01 17:53:07.345
8000207,arrival,r17098028,d,2505011918,25-05-01 19:18:33.001
8000207,arrival,r17098505,f,2505011930,25-05-01 19:30:59.416
8000207,arrival,r17099574,f,2505012004,25-05-01 20:04:18.004
8000207,arrival,r17088292,d,2505011546,25-05-01 15:46:12.662
8000207,arrival,r17095182,f,2505011808,25-05-01 18:08:15.337
8000207,arrival,r17099661,d,2505012006,25-05-01 20:06:57.100
8000207,departure,r17088292,d,2505011546,25-05-01 15:46:12.662
8000207,departure,r17095182,f,2505011808,25-05-01 18:08:15.337
8000207,departure,r17099661,d,2505012006,25-05-01 20:06:57.100
8000207,arrival,r17094611,d,2505011753,25-05-01 17:53:39.143
8000207,arrival,r17098816,f,2505011938,25-05-01 19:38:40.735
8000207,departure,r17094611,d,2505011753,25-05-01 17:53:39.143
8000207,departure,r17098816,f,2505011938,25-05-01 19:38:40.735
8000207,arrival,r17098266,d,2505011924,25-05-01 19:24:54.781
8000207,departure,r17098266,d,2505011924,25-05-01 19:24:54.781
8000207,arrival,r17044264,f,2504301719,25-04-30 17:20:09.838
8000207,arrival,r17044265,f,2504301719,25-04-30 17:20:09.838
8000207,arrival,r17044268,q,2504301720,25-04-30 17:20:09.838
8000207,arrival,r17044284,q,2504301720,25-04-30 17:20:26.045
8000207,arrival,r17044685,f,2504301725,25-04-30 17:25:38.407
8000207,arrival,r17044686,f,2504301725,25-04-30 17:25:38.407
8000207,arrival,r17098039,d,2505011918,25-05-01 19:19:04.721
8000207,arrival,r17099489,d,2505011959,25-05-01 19:59:17.344
8000207,departure,r17098408,f,2505011928,25-05-01 19:28:52.590
8000207,departure,r17098410,f,2505011928,25-05-01 19:28:52.590
8000207,departure,r17098427,f,2505011928,25-05-01 19:29:08.369
8000207,departure,r17098429,f,2505011928,25-05-01 19:29:08.369
8000207,departure,r17099594,f,2505012004,25-05-01 20:04:33.815
8000207,departure,r17099596,f,2505012004,25-05-01 20:04:33.815
8000207,departure,r17098412,f,2505011928,25-05-01 19:28:52.591
8000207,arrival,r17087535,d,2505011526,25-05-01 15:27:08.920
8000207,arrival,r17093182,f,2505011720,25-05-01 17:20:28.048
8000207,departure,r17087535,d,2505011526,25-05-01 15:27:08.920
8000207,departure,r17093182,f,2505011720,25-05-01 17:20:28.048
8000207,arrival,r17097842,d,2505011914,25-05-01 19:14:02.582
8000207,arrival,r17098205,d,2505011923,25-05-01 19:23:03.497
8000207,departure,r17097842,d,2505011914,25-05-01 19:14:02.582
8000207,departure,r17098205,d,2505011923,25-05-01 19:23:03.497
8000207,arrival,r17096876,f,2505011853,25-05-01 18:53:20.274
8000207,arrival,r17098415,d,2505011928,25-05-01 19:28:52.590
8000207,departure,r17098415,d,2505011928,25-05-01 19:28:52.590
8000207,departure,r17096595,f,2505011843,25-05-01 18:44:03.453
8000207,departure,r17098735,f,2505011936,25-05-01 19:37:05.298
8000207,arrival,r17062900,f,2505010043,25-05-01 00:43:59.736
8000207,departure,r17062900,f,2505010043,25-05-01 00:43:59.736
8000207,departure,r17096599,f,2505011843,25-05-01 18:44:03.453
8000207,departure,r17096580,f,2505011843,25-05-01 18:44:03.452
8000207,departure,r17098736,f,2505011936,25-05-01 19:37:05.298
8000207,arrival,r17096101,d,2505011829,25-05-01 18:30:01.477
8000207,departure,r17094145,f,2505011742,25-05-01 17:42:45.725
8000207,departure,r17096101,d,2505011829,25-05-01 18:30:01.477
8000207,arrival,r17098472,d,2505011929,25-05-01 19:29:56.026
8000207,departure,r17098472,d,2505011929,25-05-01 19:29:56.026
8000207,arrival,r17098844,d,2505011939,25-05-01 19:39:28.121
8000207,departure,r17098844,d,2505011939,25-05-01 19:39:28.121
8000207,arrival,r17097925,d,2505011915,25-05-01 19:16:09.288
8000207,arrival,r17097971,d,2505011917,25-05-01 19:17:28.994
8000207,departure,r17097925,d,2505011915,25-05-01 19:16:09.288
8000207,departure,r17097971,d,2505011917,25-05-01 19:17:28.994
8000207,departure,r17096591,f,2505011843,25-05-01 18:44:03.452
8000207,arrival,r17067619,d,2505010453,25-05-01 04:53:36.086
8000207,arrival,r17087122,d,2505011517,25-05-01 15:18:06.588
8000207,arrival,r17089149,d,2505011603,25-05-01 16:03:24.722
8000207,arrival,r17096578,f,2505011843,25-05-01 18:44:03.453
8000207,arrival,r17096585,f,2505011843,25-05-01 18:44:03.453
8000207,arrival,r17096589,f,2505011843,25-05-01 18:44:03.453
8000207,arrival,r17096593,f,2505011843,25-05-01 18:44:03.453
8000207,arrival,r17096597,f,2505011843,25-05-01 18:44:03.453
8000207,arrival,r17098733,f,2505011936,25-05-01 19:37:05.298
8000207,arrival,r17098741,f,2505011936,25-05-01 19:37:05.298
8000207,arrival,r17097917,d,2505011915,25-05-01 19:15:37.717
8000207,departure,r17097917,d,2505011915,25-05-01 19:15:37.717
8000207,arrival,r17095402,q,2505011813,25-05-01 18:13:18.757
8000207,departure,r17095402,q,2505011813,25-05-01 18:13:18.757
8000207,departure,r17094823,f,2505011759,25-05-01 17:59:28.932
8000207,departure,r17096577,f,2505011843,25-05-01 18:44:03.453
8000207,departure,r17096579,f,2505011843,25-05-01 18:44:03.453
8000207,departure,r17098732,f,2505011936,25-05-01 19:37:05.298
8000207,departure,r17098734,f,2505011936,25-05-01 19:37:05.298
8000207,arrival,r17088024,f,2505011540,25-05-01 15:40:06.741
8000207,departure,r17088024,f,2505011540,25-05-01 15:40:06.741
8000207,departure,r17098740,f,2505011936,25-05-01 19:37:05.298
8000207,departure,r17098742,f,2505011936,25-05-01 19:37:05.298
8000207,arrival,r17067617,d,2505010453,25-05-01 04:53:20.692
8000207,arrival,r17085250,d,2505011434,25-05-01 14:34:55.349
8000207,arrival,r17089134,d,2505011602,25-05-01 16:02:37.166
8000207,arrival,r17094820,f,2505011759,25-05-01 17:59:28.933
8000207,arrival,r17098656,d,2505011935,25-05-01 19:35:29.815
8000207,arrival,r17096163,d,2505011832,25-05-01 18:32:08.461
8000207,arrival,r17097093,d,2505011859,25-05-01 18:59:41.059
8000207,arrival,r17098594,d,2505011933,25-05-01 19:33:54.305
8000207,departure,r17096163,d,2505011832,25-05-01 18:32:08.461
8000207,departure,r17097093,d,2505011859,25-05-01 18:59:41.059
8000207,departure,r17098594,d,2505011933,25-05-01 19:33:54.305
8000207,arrival,r17096280,d,2505011834,25-05-01 18:34:47.063
8000207,arrival,r17097442,f,2505011902,25-05-01 19:02:20.571
8000207,departure,r17096280,d,2505011834,25-05-01 18:34:47.063
8000207,departure,r17097442,f,2505011902,25-05-01 19:02:20.571
8000207,arrival,r17062889,f,2505010042,25-05-01 00:42:42.073
8000207,departure,r17062889,f,2505010042,25-05-01 00:42:42.073
8000207,departure,r17093712,f,2505011732,25-05-01 17:32:40.678
8000207,departure,r17095306,f,2505011810,25-05-01 18:10:55.709
8000207,departure,r17096592,f,2505011843,25-05-01 18:44:03.453
8000207,departure,r17096594,f,2505011843,25-05-01 18:44:03.453
8000207,arrival,r17087650,d,2505011530,25-05-01 15:30:18.937
8000207,arrival,r17092646,d,2505011710,25-05-01 17:11:08.526
8000207,arrival,r17097895,d,2505011914,25-05-01 19:15:05.943
8000207,arrival,r17097921,f,2505011915,25-05-01 19:15:37.717
8000207,departure,r17087650,d,2505011530,25-05-01 15:30:18.937
8000207,departure,r17092646,d,2505011710,25-05-01 17:11:08.526
8000207,departure,r17097895,d,2505011914,25-05-01 19:15:05.943
8000207,departure,r17097921,f,2505011915,25-05-01 19:15:37.717
8000207,arrival,r17055382,f,2504302020,25-04-30 20:20:32.405
8000207,arrival,r17055383,f,2504302020,25-04-30 20:20:32.405
8000207,arrival,r17083632,f,2505011358,25-05-01 13:58:24.571
8000207,arrival,r17083633,f,2505011358,25-05-01 13:58:24.571
8000207,departure,r17055382,f,2504302020,25-04-30 20:20:32.405
8000207,departure,r17055383,f,2504302020,25-04-30 20:20:32.405
8000207,departure,r17083632,f,2505011358,25-05-01 13:58:24.571
8000207,departure,r17083633,f,2505011358,25-05-01 13:58:24.571
8000207,arrival,r17096000,d,2505011827,25-05-01 18:27:21.887
8000207,departure,r17096000,d,2505011827,25-05-01 18:27:21.887
8000207,arrival,r17082146,d,2505011324,25-05-01 13:25:07.237
8000207,arrival,r17085639,d,2505011444,25-05-01 14:44:43.639
8000207,departure,r17082146,d,2505011324,25-05-01 13:25:07.237
8000207,departure,r17085639,d,2505011444,25-05-01 14:44:43.639
8000207,departure,r17086681,f,2505011509,25-05-01 15:09:38.187
8000207,departure,r17086683,f,2505011509,25-05-01 15:09:38.187
8000207,departure,r17028979,d,2504301323,25-04-30 13:23:59.425
8000207,departure,r17065002,d,2505010148,25-05-01 01:48:55.410
8000207,departure,r17097306,f,2505011900,25-05-01 19:00:44.433
8000207,arrival,r17085501,f,2505011441,25-05-01 14:41:48.266
8000207,arrival,r17085502,f,2505011441,25-05-01 14:41:48.266
8000207,arrival,r17092052,d,2505011655,25-05-01 16:55:28.044
8000207,departure,r17092052,d,2505011655,25-05-01 16:55:28.044
8000207,arrival,r17092092,q,2505011657,25-05-01 16:57:35.440
8000207,departure,r17092092,q,2505011657,25-05-01 16:57:35.440
8000207,arrival,r17094205,d,2505011744,25-05-01 17:44:21.348
8000207,departure,r17094205,d,2505011744,25-05-01 17:44:21.348
8000207,departure,r17094824,f,2505011759,25-05-01 17:59:28.933
8000207,arrival,r17090088,d,2505011622,25-05-01 16:22:47.278
8000207,departure,r17090088,d,2505011622,25-05-01 16:22:47.278
8000207,arrival,r17095651,d,2505011820,25-05-01 18:20:12.276
8000207,departure,r17095651,d,2505011820,25-05-01 18:20:12.276
8000207,arrival,r17094908,d,2505011801,25-05-01 18:01:36.070
8000207,departure,r17094908,d,2505011801,25-05-01 18:01:36.070
8000207,departure,r17097326,f,2505011900,25-05-01 19:00:44.433
8000207,departure,r17097297,f,2505011900,25-05-01 19:00:44.433
8000207,departure,r17097327,f,2505011900,25-05-01 19:00:44.433
8000207,departure,r17097268,f,2505011900,25-05-01 19:00:44.433
8000207,departure,r17097302,f,2505011900,25-05-01 19:00:44.433
8000207,departure,r17097329,f,2505011900,25-05-01 19:00:44.433
8000207,departure,r17097274,f,2505011900,25-05-01 19:00:44.433
8000207,departure,r17094825,f,2505011759,25-05-01 17:59:28.933
8000207,departure,r17096596,f,2505011843,25-05-01 18:44:03.453
8000207,departure,r17096598,f,2505011843,25-05-01 18:44:03.453
8000207,arrival,r17094128,d,2505011742,25-05-01 17:42:13.815
8000207,arrival,r17094976,d,2505011803,25-05-01 18:03:59.390
8000207,departure,r17090419,f,2505011626,25-05-01 16:26:46.270
8000207,departure,r17090423,f,2505011626,25-05-01 16:26:46.270
8000207,departure,r17091885,f,2505011650,25-05-01 16:50:56.729
8000207,departure,r17094128,d,2505011742,25-05-01 17:42:13.815
8000207,departure,r17094976,d,2505011803,25-05-01 18:03:59.390
8000207,departure,r17094119,f,2505011741,25-05-01 17:41:57.928
8000207,departure,r17055490,f,2504302022,25-04-30 20:23:13.207
8000207,departure,r17055491,f,2504302022,25-04-30 20:23:13.207
8000207,arrival,r17094562,d,2505011752,25-05-01 17:52:03.538
8000207,departure,r17094562,d,2505011752,25-05-01 17:52:03.538
8000207,arrival,r17093976,d,2505011738,25-05-01 17:38:47.274
8000207,departure,r17093976,d,2505011738,25-05-01 17:38:47.274
8000207,departure,r17094826,f,2505011759,25-05-01 17:59:28.932
8000207,departure,r17093705,f,2505011732,25-05-01 17:32:40.678
8000207,arrival,r17091351,d,2505011641,25-05-01 16:41:54.322
8000207,departure,r17091351,d,2505011641,25-05-01 16:41:54.322
8000207,departure,r17091873,f,2505011650,25-05-01 16:50:56.729
8000207,departure,r17095305,f,2505011810,25-05-01 18:10:55.708
8000207,departure,r17090373,f,2505011626,25-05-01 16:26:30.302
8000207,departure,r17090379,f,2505011626,25-05-01 16:26:30.302
8000207,departure,r17091865,f,2505011650,25-05-01 16:50:56.729
8000207,departure,r17092297,f,2505011701,25-05-01 17:01:33.889
8000207,departure,r17093706,f,2505011732,25-05-01 17:32:40.678
8000207,departure,r17093717,f,2505011732,25-05-01 17:32:40.678
8000207,departure,r17090447,f,2505011626,25-05-01 16:26:46.271
8000207,departure,r17090449,f,2505011626,25-05-01 16:26:46.271
8000207,departure,r17090427,f,2505011626,25-05-01 16:26:46.271
8000207,departure,r17090432,f,2505011626,25-05-01 16:26:46.271
8000207,departure,r17091889,f,2505011650,25-05-01 16:50:56.729
8000207,departure,r17094116,f,2505011741,25-05-01 17:41:57.928
8000207,departure,r17094118,f,2505011741,25-05-01 17:41:57.928
8000207,departure,r17094996,f,2505011804,25-05-01 18:04:47.412
8000207,departure,r17093713,f,2505011732,25-05-01 17:32:40.678
8000207,departure,r17094138,f,2505011742,25-05-01 17:42:29.711
8000207,departure,r17094140,f,2505011742,25-05-01 17:42:29.711
8000207,departure,r17094146,f,2505011742,25-05-01 17:42:45.725
8000207,departure,r17095311,f,2505011810,25-05-01 18:10:55.709
8000207,arrival,r17089816,d,2505011616,25-05-01 16:16:57.692
8000207,arrival,r17092541,f,2505011707,25-05-01 17:07:40.893
8000207,arrival,r17095003,d,2505011804,25-05-01 18:05:03.457
8000207,arrival,r17095610,f,2505011819,25-05-01 18:19:24.657
8000207,departure,r17089816,d,2505011616,25-05-01 16:16:57.692
8000207,departure,r17092541,f,2505011707,25-05-01 17:07:40.893
8000207,departure,r17095003,d,2505011804,25-05-01 18:05:03.457
8000207,departure,r17095610,f,2505011819,25-05-01 18:19:24.657
8000207,arrival,r17015072,d,2504300819,25-04-30 08:19:30.622
8000207,arrival,r17076175,d,2505011102,25-05-01 11:02:12.123
8000207,arrival,r17085079,f,2505011432,25-05-01 14:32:47.878
8000207,arrival,r17093702,f,2505011732,25-05-01 17:32:40.678
8000207,arrival,r17093710,f,2505011732,25-05-01 17:32:40.678
8000207,arrival,r17093715,f,2505011732,25-05-01 17:32:40.678
8000207,arrival,r17094117,f,2505011741,25-05-01 17:41:57.928
8000207,arrival,r17094139,f,2505011742,25-05-01 17:42:29.710
8000207,arrival,r17094143,f,2505011742,25-05-01 17:42:45.725
8000207,departure,r17015072,d,2504300819,25-04-30 08:19:30.622
8000207,departure,r17076175,d,2505011102,25-05-01 11:02:12.123
8000207,departure,r17085079,f,2505011432,25-05-01 14:32:47.878
8000207,departure,r17090475,f,2505011627,25-05-01 16:27:17.858
8000207,departure,r17090596,f,2505011628,25-05-01 16:28:53.449
8000207,departure,r17090601,f,2505011628,25-05-01 16:28:53.449
8000207,departure,r17091859,f,2505011650,25-05-01 16:50:56.729
8000207,arrival,r17095480,d,2505011815,25-05-01 18:15:25.631
8000207,arrival,r17088740,d,2505011554,25-05-01 15:54:56.985
8000207,arrival,r17092289,f,2505011701,25-05-01 17:01:33.889
8000207,arrival,r17092295,f,2505011701,25-05-01 17:01:33.889
8000207,arrival,r17094992,f,2505011804,25-05-01 18:04:47.412
8000207,arrival,r17095303,f,2505011810,25-05-01 18:10:55.709
8000207,arrival,r17095309,f,2505011810,25-05-01 18:10:55.709
8000207,departure,r17092291,f,2505011701,25-05-01 17:01:33.889
8000207,departure,r17094995,f,2505011804,25-05-01 18:04:47.412
8000207,departure,r17091872,f,2505011650,25-05-01 16:50:56.729
8000207,arrival,r17095349,d,2505011812,25-05-01 18:12:15.297
8000207,departure,r17095349,d,2505011812,25-05-01 18:12:15.297
8000207,arrival,r17067610,d,2505010452,25-05-01 04:53:05.322
8000207,arrival,r17085065,f,2505011432,25-05-01 14:32:16.214
8000207,arrival,r17086692,f,2505011509,25-05-01 15:09:38.187
8000207,arrival,r17086757,d,2505011511,25-05-01 15:11:29.255
8000207,arrival,r17090791,f,2505011632,25-05-01 16:32:36.454
8000207,arrival,r17090806,f,2505011632,25-05-01 16:32:52.599
8000207,arrival,r17091856,f,2505011650,25-05-01 16:50:56.729
8000207,arrival,r17091862,f,2505011650,25-05-01 16:50:56.729
8000207,arrival,r17091870,f,2505011650,25-05-01 16:50:56.729
8000207,arrival,r17091875,f,2505011650,25-05-01 16:50:56.729
8000207,arrival,r17091879,f,2505011650,25-05-01 16:50:56.729
8000207,arrival,r17091883,f,2505011650,25-05-01 16:50:56.729
8000207,arrival,r17091887,f,2505011650,25-05-01 16:50:56.729
8000207,arrival,r17091891,f,2505011650,25-05-01 16:50:56.729
8000207,arrival,r17091895,f,2505011650,25-05-01 16:50:56.729
8000207,departure,r17090411,f,2505011626,25-05-01 16:26:30.302
8000207,departure,r17090414,f,2505011626,25-05-01 16:26:30.302
8000207,departure,r17091860,f,2505011650,25-05-01 16:50:56.729
8000207,departure,r17091864,f,2505011650,25-05-01 16:50:56.729
8000207,departure,r17091893,f,2505011650,25-05-01 16:50:56.729
8000207,departure,r17091897,f,2505011650,25-05-01 16:50:56.729
8000207,departure,r17092288,f,2505011701,25-05-01 17:01:33.889
8000207,departure,r17092290,f,2505011701,25-05-01 17:01:33.889
8000207,departure,r17093709,f,2505011732,25-05-01 17:32:40.678
8000207,departure,r17093711,f,2505011732,25-05-01 17:32:40.678
8000207,departure,r17094142,f,2505011742,25-05-01 17:42:45.725
8000207,departure,r17094144,f,2505011742,25-05-01 17:42:45.725
8000207,departure,r17094991,f,2505011804,25-05-01 18:04:47.412
8000207,departure,r17094993,f,2505011804,25-05-01 18:04:47.412
8000207,departure,r17095302,f,2505011810,25-05-01 18:10:55.708
8000207,departure,r17095304,f,2505011810,25-05-01 18:10:55.708
8000207,arrival,r17068386,f,2505010619,25-05-01 06:19:40.636
8000207,departure,r17068386,f,2505010619,25-05-01 06:19:40.636
8000207,departure,r17090402,f,2505011626,25-05-01 16:26:30.302
8000207,departure,r17090403,f,2505011626,25-05-01 16:26:30.302
8000207,departure,r17091877,f,2505011650,25-05-01 16:50:56.729
8000207,departure,r17094141,f,2505011742,25-05-01 17:42:29.710
8000207,departure,r17094994,f,2505011804,25-05-01 18:04:47.412
8000207,departure,r17095307,f,2505011810,25-05-01 18:10:55.708
8000207,departure,r17095308,f,2505011810,25-05-01 18:10:55.708
8000207,departure,r17095310,f,2505011810,25-05-01 18:10:55.708
8000207,arrival,r17093229,d,2505011721,25-05-01 17:21:31.616
8000207,arrival,r17086526,q,2505011505,25-05-01 15:05:38.608
8000207,departure,r17086526,q,2505011505,25-05-01 15:05:38.608
8000207,arrival,r17093232,d,2505011721,25-05-01 17:21:31.616
8000207,departure,r17090489,f,2505011627,25-05-01 16:27:17.858
8000207,departure,r17093232,d,2505011721,25-05-01 17:21:31.616
8000207,departure,r17091858,f,2505011650,25-05-01 16:50:56.729
8000207,departure,r17093704,f,2505011732,25-05-01 17:32:40.678
8000207,departure,r17090404,f,2505011626,25-05-01 16:26:30.302
8000207,departure,r17090405,f,2505011626,25-05-01 16:26:30.302
8000207,departure,r17091866,f,2505011650,25-05-01 16:50:56.729
8000207,departure,r17091881,f,2505011650,25-05-01 16:50:56.729
8000207,departure,r17092299,f,2505011701,25-05-01 17:01:33.889
8000207,departure,r17093701,f,2505011732,25-05-01 17:32:40.678
8000207,departure,r17093703,f,2505011732,25-05-01 17:32:40.678
8000207,departure,r17090400,f,2505011626,25-05-01 16:26:30.302
8000207,departure,r17090401,f,2505011626,25-05-01 16:26:30.302
8000207,arrival,r17094559,d,2505011751,25-05-01 17:52:03.538
8000207,departure,r17090374,f,2505011626,25-05-01 16:26:30.302
8000207,departure,r17090380,f,2505011626,25-05-01 16:26:30.302
8000207,departure,r17090469,f,2505011627,25-05-01 16:27:17.859
8000207,departure,r17091142,f,2505011639,25-05-01 16:39:15.348
8000207,departure,r17092294,f,2505011701,25-05-01 17:01:33.889
8000207,departure,r17092296,f,2505011701,25-05-01 17:01:33.889
8000207,departure,r17093714,f,2505011732,25-05-01 17:32:40.678
8000207,departure,r17093716,f,2505011732,25-05-01 17:32:40.678
8000207,departure,r17094559,d,2505011751,25-05-01 17:52:03.538
8000207,departure,r17090428,f,2505011626,25-05-01 16:26:46.271
8000207,departure,r17090433,f,2505011626,25-05-01 16:26:46.271
8000207,departure,r17092298,f,2505011701,25-05-01 17:01:33.889
8000207,arrival,r17091931,d,2505011651,25-05-01 16:51:44.833
8000207,departure,r17091931,d,2505011651,25-05-01 16:51:44.833
8000207,arrival,r17090654,d,2505011629,25-05-01 16:30:12.958
8000207,departure,r17090654,d,2505011629,25-05-01 16:30:12.958
8000207,arrival,r17078171,d,2505011151,25-05-01 11:51:44.792
8000207,arrival,r17080692,f,2505011247,25-05-01 12:47:55.926
8000207,arrival,r17083887,d,2505011402,25-05-01 14:02:21.721
8000207,arrival,r17083992,d,2505011405,25-05-01 14:05:48.660
8000207,arrival,r17085273,d,2505011435,25-05-01 14:35:27.265
8000207,arrival,r17087488,d,2505011526,25-05-01 15:26:21.461
8000207,arrival,r17091131,f,2505011639,25-05-01 16:39:15.348
8000207,arrival,r17091140,f,2505011639,25-05-01 16:39:15.348
8000207,arrival,r17091510,d,2505011643,25-05-01 16:43:46.086
8000207,arrival,r17091536,f,2505011644,25-05-01 16:44:49.963
8000207,arrival,r17089365,d,2505011607,25-05-01 16:07:56.802
8000207,arrival,r17091756,d,2505011649,25-05-01 16:49:21.196
8000207,departure,r17089365,d,2505011607,25-05-01 16:07:56.802
8000207,departure,r17090476,f,2505011627,25-05-01 16:27:17.858
8000207,departure,r17090481,f,2505011627,25-05-01 16:27:17.858
8000207,departure,r17090605,f,2505011628,25-05-01 16:28:53.450
8000207,departure,r17090606,f,2505011628,25-05-01 16:28:53.450
8000207,departure,r17091756,d,2505011649,25-05-01 16:49:21.196
8000207,arrival,r17092568,d,2505011708,25-05-01 17:08:29.104
8000207,departure,r17092568,d,2505011708,25-05-01 17:08:29.104
8000207,departure,r17090438,f,2505011626,25-05-01 16:26:46.271
8000207,departure,r17090441,f,2505011626,25-05-01 16:26:46.271
8000207,departure,r17090470,f,2505011627,25-05-01 16:27:17.859
8000207,arrival,r17091491,d,2505011643,25-05-01 16:43:14.042
8000207,arrival,r17093571,f,2505011729,25-05-01 17:29:44.716
8000207,arrival,r17094318,d,2505011746,25-05-01 17:47:01.024
8000207,departure,r17094318,d,2505011746,25-05-01 17:47:01.024
8000207,departure,r17028556,d,2504301316,25-04-30 13:16:27.980
8000207,departure,r17067722,d,2505010500,25-05-01 05:00:47.731
8000207,departure,r17089815,f,2505011616,25-05-01 16:16:41.775
8000207,departure,r17093384,d,2505011725,25-05-01 17:25:14.863
8000207,arrival,r17094159,d,2505011742,25-05-01 17:43:01.645
8000207,departure,r17094159,d,2505011742,25-05-01 17:43:01.645
8000207,arrival,r17067698,d,2505010458,25-05-01 04:58:59.460
8000207,arrival,r17072233,d,2505010913,25-05-01 09:13:48.717
8000207,arrival,r17077286,f,2505011127,25-05-01 11:28:00.957
8000207,arrival,r17080918,q,2505011253,25-05-01 12:53:43.539
8000207,arrival,r17085073,d,2505011432,25-05-01 14:32:32.047
8000207,arrival,r17085353,f,2505011436,25-05-01 14:37:02.954
8000207,arrival,r17090370,f,2505011626,25-05-01 16:26:30.302
8000207,arrival,r17090384,f,2505011626,25-05-01 16:26:30.302
8000207,arrival,r17090396,f,2505011626,25-05-01 16:26:30.302
8000207,arrival,r17090407,f,2505011626,25-05-01 16:26:30.302
8000207,arrival,r17090417,f,2505011626,25-05-01 16:26:46.271
8000207,arrival,r17090425,f,2505011626,25-05-01 16:26:46.271
8000207,arrival,r17090435,f,2505011626,25-05-01 16:26:46.271
8000207,arrival,r17090443,f,2505011626,25-05-01 16:26:46.271
8000207,arrival,r17090569,f,2505011628,25-05-01 16:28:37.488
8000207,arrival,r17090576,f,2505011628,25-05-01 16:28:53.450
8000207,arrival,r17090584,f,2505011628,25-05-01 16:28:53.450
8000207,arrival,r17090594,f,2505011628,25-05-01 16:28:53.450
8000207,arrival,r17090624,d,2505011629,25-05-01 16:29:25.390
8000207,arrival,r17067700,d,2505010458,25-05-01 04:58:59.460
8000207,arrival,r17072235,d,2505010913,25-05-01 09:13:48.718
8000207,arrival,r17077288,f,2505011127,25-05-01 11:28:00.958
8000207,arrival,r17080917,q,2505011253,25-05-01 12:53:43.539
8000207,arrival,r17085075,d,2505011432,25-05-01 14:32:32.047
8000207,arrival,r17085352,f,2505011436,25-05-01 14:37:02.954
8000207,arrival,r17090376,f,2505011626,25-05-01 16:26:30.302
8000207,arrival,r17090389,f,2505011626,25-05-01 16:26:30.302
8000207,arrival,r17090397,f,2505011626,25-05-01 16:26:30.302
8000207,arrival,r17090410,f,2505011626,25-05-01 16:26:30.302
8000207,arrival,r17090421,f,2505011626,25-05-01 16:26:46.271
8000207,arrival,r17090430,f,2505011626,25-05-01 16:26:46.271
8000207,arrival,r17090439,f,2505011626,25-05-01 16:26:46.271
8000207,arrival,r17090446,f,2505011626,25-05-01 16:26:46.271
8000207,arrival,r17090570,f,2505011628,25-05-01 16:28:37.488
8000207,arrival,r17090580,f,2505011628,25-05-01 16:28:53.450
8000207,arrival,r17090588,f,2505011628,25-05-01 16:28:53.450
8000207,arrival,r17090599,f,2505011628,25-05-01 16:28:53.450
8000207,arrival,r17090626,d,2505011629,25-05-01 16:29:25.391
8000207,departure,r17090372,f,2505011626,25-05-01 16:26:30.302
8000207,departure,r17090378,f,2505011626,25-05-01 16:26:30.302
8000207,departure,r17090413,f,2505011626,25-05-01 16:26:30.302
8000207,departure,r17090415,f,2505011626,25-05-01 16:26:30.302
8000207,departure,r17090477,f,2505011627,25-05-01 16:27:17.858
8000207,departure,r17090578,f,2505011628,25-05-01 16:28:53.449
8000207,departure,r17090582,f,2505011628,25-05-01 16:28:53.449
8000207,departure,r17090597,f,2505011628,25-05-01 16:28:53.449
8000207,departure,r17090602,f,2505011628,25-05-01 16:28:53.449
8000207,arrival,r17093900,d,2505011736,25-05-01 17:36:56.309
8000207,departure,r17090387,f,2505011626,25-05-01 16:26:30.302
8000207,departure,r17090392,f,2505011626,25-05-01 16:26:30.302
8000207,departure,r17091133,f,2505011639,25-05-01 16:39:15.348
8000207,departure,r17092302,f,2505011701,25-05-01 17:01:33.889
8000207,departure,r17093900,d,2505011736,25-05-01 17:36:56.309
8000207,departure,r17090468,f,2505011627,25-05-01 16:27:17.859
8000207,departure,r17090369,f,2505011626,25-05-01 16:26:30.302
8000207,departure,r17090371,f,2505011626,25-05-01 16:26:30.302
8000207,departure,r17090375,f,2505011626,25-05-01 16:26:30.302
8000207,departure,r17090377,f,2505011626,25-05-01 16:26:30.302
8000207,departure,r17090575,f,2505011628,25-05-01 16:28:53.450
8000207,departure,r17090577,f,2505011628,25-05-01 16:28:53.450
8000207,departure,r17090579,f,2505011628,25-05-01 16:28:53.450
8000207,departure,r17090581,f,2505011628,25-05-01 16:28:53.450
8000207,departure,r17090386,f,2505011626,25-05-01 16:26:30.302
8000207,departure,r17090391,f,2505011626,25-05-01 16:26:30.302
8000207,departure,r17090485,f,2505011627,25-05-01 16:27:17.858
8000207,departure,r17090586,f,2505011628,25-05-01 16:28:53.449
8000207,departure,r17090590,f,2505011628,25-05-01 16:28:53.449
8000207,departure,r17090603,f,2505011628,25-05-01 16:28:53.449
8000207,departure,r17090604,f,2505011628,25-05-01 16:28:53.449
8000207,departure,r17091853,f,2505011650,25-05-01 16:50:56.729
8000207,arrival,r17067602,d,2505010452,25-05-01 04:52:34.535
8000207,arrival,r17079154,d,2505011213,25-05-01 12:13:21.681
8000207,arrival,r17084165,d,2505011409,25-05-01 14:09:32.534
8000207,arrival,r17084167,d,2505011409,25-05-01 14:09:32.534
8000207,arrival,r17084194,f,2505011410,25-05-01 14:10:36.073
8000207,arrival,r17084472,d,2505011417,25-05-01 14:18:00.593
8000207,arrival,r17084474,d,2505011417,25-05-01 14:18:00.593
8000207,arrival,r17084908,f,2505011427,25-05-01 14:27:15.270
8000207,arrival,r17086509,d,2505011505,25-05-01 15:05:22.607
8000207,arrival,r17089007,d,2505011559,25-05-01 15:59:26.960
8000207,arrival,r17090466,f,2505011627,25-05-01 16:27:17.859
8000207,arrival,r17090473,f,2505011627,25-05-01 16:27:17.859
8000207,arrival,r17090479,f,2505011627,25-05-01 16:27:17.859
8000207,arrival,r17090483,f,2505011627,25-05-01 16:27:17.859
8000207,arrival,r17090487,f,2505011627,25-05-01 16:27:17.859
8000207,departure,r17067602,d,2505010452,25-05-01 04:52:34.535
8000207,departure,r17079154,d,2505011213,25-05-01 12:13:21.681
8000207,departure,r17084165,d,2505011409,25-05-01 14:09:32.534
8000207,departure,r17084167,d,2505011409,25-05-01 14:09:32.534
8000207,departure,r17084194,f,2505011410,25-05-01 14:10:36.073
8000207,departure,r17084472,d,2505011417,25-05-01 14:18:00.593
8000207,departure,r17084474,d,2505011417,25-05-01 14:18:00.593
8000207,departure,r17084908,f,2505011427,25-05-01 14:27:15.270
8000207,departure,r17086509,d,2505011505,25-05-01 15:05:22.607
8000207,departure,r17089007,d,2505011559,25-05-01 15:59:26.960
8000207,arrival,r17092476,d,2505011705,25-05-01 17:05:33.096
8000207,departure,r17092476,d,2505011705,25-05-01 17:05:33.096
8000207,arrival,r17092125,d,2505011658,25-05-01 16:58:07.062
8000207,departure,r17090416,f,2505011626,25-05-01 16:26:46.270
8000207,departure,r17090418,f,2505011626,25-05-01 16:26:46.270
8000207,departure,r17090420,f,2505011626,25-05-01 16:26:46.270
8000207,departure,r17090422,f,2505011626,25-05-01 16:26:46.270
8000207,departure,r17092125,d,2505011658,25-05-01 16:58:07.062
8000207,arrival,r17080953,d,2505011255,25-05-01 12:55:18.050
8000207,arrival,r17084170,d,2505011409,25-05-01 14:09:32.533
8000207,arrival,r17085138,d,2505011433,25-05-01 14:33:19.591
8000207,departure,r17080953,d,2505011255,25-05-01 12:55:18.050
8000207,departure,r17084170,d,2505011409,25-05-01 14:09:32.533
8000207,departure,r17085138,d,2505011433,25-05-01 14:33:19.591
8000207,departure,r17090111,f,2505011622,25-05-01 16:23:03.368
8000207,departure,r17090442,f,2505011626,25-05-01 16:26:46.271
8000207,departure,r17090445,f,2505011626,25-05-01 16:26:46.271
8000207,departure,r17090444,f,2505011626,25-05-01 16:26:46.271
8000207,departure,r17090448,f,2505011626,25-05-01 16:26:46.271
8000207,arrival,r17066229,q,2505010213,25-05-01 02:13:52.999
8000207,arrival,r17067649,d,2505010455,25-05-01 04:55:54.593
8000207,arrival,r17078774,d,2505011205,25-05-01 12:05:57.533
8000207,arrival,r17080277,f,2505011239,25-05-01 12:39:12.836
8000207,departure,r17078774,d,2505011205,25-05-01 12:05:57.533
8000207,departure,r17080277,f,2505011239,25-05-01 12:39:12.836
8000207,departure,r17090102,f,2505011622,25-05-01 16:22:47.279
8000207,departure,r17090424,f,2505011626,25-05-01 16:26:46.271
8000207,departure,r17090426,f,2505011626,25-05-01 16:26:46.271
8000207,departure,r17090429,f,2505011626,25-05-01 16:26:46.271
8000207,departure,r17090431,f,2505011626,25-05-01 16:26:46.271
8000207,arrival,r17088725,d,2505011554,25-05-01 15:54:41.136
8000207,departure,r17088725,d,2505011554,25-05-01 15:54:41.136
8000207,departure,r17091894,f,2505011650,25-05-01 16:50:56.730
8000207,departure,r17091896,f,2505011650,25-05-01 16:50:56.730
8000207,departure,r17090434,f,2505011626,25-05-01 16:26:46.271
8000207,departure,r17090436,f,2505011626,25-05-01 16:26:46.271
8000207,departure,r17090437,f,2505011626,25-05-01 16:26:46.271
8000207,departure,r17090440,f,2505011626,25-05-01 16:26:46.271
8000207,departure,r17091886,f,2505011650,25-05-01 16:50:56.729
8000207,departure,r17091888,f,2505011650,25-05-01 16:50:56.729
8000207,arrival,r17089903,d,2505011619,25-05-01 16:19:52.295
8000207,arrival,r17090259,d,2505011624,25-05-01 16:24:54.913
8000207,arrival,r17090277,d,2505011625,25-05-01 16:25:26.729
8000207,departure,r17089903,d,2505011619,25-05-01 16:19:52.295
8000207,departure,r17090259,d,2505011624,25-05-01 16:24:54.913
8000207,departure,r17090277,d,2505011625,25-05-01 16:25:26.729
8000207,departure,r17090383,f,2505011626,25-05-01 16:26:30.302
8000207,departure,r17090385,f,2505011626,25-05-01 16:26:30.302
8000207,departure,r17090388,f,2505011626,25-05-01 16:26:30.302
8000207,departure,r17090390,f,2505011626,25-05-01 16:26:30.302
8000207,departure,r17090583,f,2505011628,25-05-01 16:28:53.449
8000207,departure,r17090585,f,2505011628,25-05-01 16:28:53.449
8000207,departure,r17090587,f,2505011628,25-05-01 16:28:53.449
8000207,departure,r17090589,f,2505011628,25-05-01 16:28:53.449
8000207,departure,r17091869,f,2505011650,25-05-01 16:50:56.729
8000207,departure,r17091871,f,2505011650,25-05-01 16:50:56.729
8000207,arrival,r17092266,d,2505011700,25-05-01 17:01:01.742
8000207,departure,r17092266,d,2505011700,25-05-01 17:01:01.742
8000207,arrival,r17082615,d,2505011336,25-05-01 13:36:12.731
8000207,arrival,r17083403,d,2505011351,25-05-01 13:51:33.447
8000207,departure,r17082615,d,2505011336,25-05-01 13:36:12.731
8000207,departure,r17083403,d,2505011351,25-05-01 13:51:33.447
8000207,arrival,r17083951,d,2505011404,25-05-01 14:04:28.740
8000207,departure,r17083951,d,2505011404,25-05-01 14:04:28.740
8000207,arrival,r17090236,d,2505011624,25-05-01 16:24:23.163
8000207,departure,r17090236,d,2505011624,25-05-01 16:24:23.163
8000207,arrival,r17088775,d,2505011555,25-05-01 15:55:44.500
8000207,departure,r17082367,f,2505011330,25-05-01 13:30:39.164
8000207,departure,r17088775,d,2505011555,25-05-01 15:55:44.500
8000207,arrival,r17085483,f,2505011440,25-05-01 14:41:00.542
8000207,arrival,r17085484,f,2505011440,25-05-01 14:41:00.542
8000207,departure,r17090106,f,2505011622,25-05-01 16:23:03.367
8000207,departure,r17090394,f,2505011626,25-05-01 16:26:30.302
8000207,departure,r17090398,f,2505011626,25-05-01 16:26:30.302
8000207,departure,r17090395,f,2505011626,25-05-01 16:26:30.302
8000207,departure,r17090399,f,2505011626,25-05-01 16:26:30.302
8000207,departure,r17091874,f,2505011650,25-05-01 16:50:56.729
8000207,departure,r17091876,f,2505011650,25-05-01 16:50:56.729
8000207,departure,r17091878,f,2505011650,25-05-01 16:50:56.729
8000207,departure,r17091880,f,2505011650,25-05-01 16:50:56.729
8000207,arrival,r17090611,d,2505011628,25-05-01 16:29:09.398
8000207,departure,r17090611,d,2505011628,25-05-01 16:29:09.398
8000207,arrival,r17080172,d,2505011236,25-05-01 12:36:18.239
8000207,arrival,r17081431,f,2505011305,25-05-01 13:05:52.031
8000207,arrival,r17086440,d,2505011503,25-05-01 15:04:02.965
8000207,arrival,r17092048,d,2505011655,25-05-01 16:55:28.044
8000207,departure,r17092048,d,2505011655,25-05-01 16:55:28.044
8000207,arrival,r17092341,q,2505011702,25-05-01 17:02:53.344
8000207,departure,r17092341,q,2505011702,25-05-01 17:02:53.344
8000207,departure,r17050993,f,2504301900,25-04-30 19:00:32.182
8000207,departure,r17090406,f,2505011626,25-05-01 16:26:30.302
8000207,departure,r17090409,f,2505011626,25-05-01 16:26:30.302
8000207,departure,r17090408,f,2505011626,25-05-01 16:26:30.302
8000207,departure,r17090412,f,2505011626,25-05-01 16:26:30.302
8000207,departure,r17090593,f,2505011628,25-05-01 16:28:53.449
8000207,departure,r17090595,f,2505011628,25-05-01 16:28:53.449
8000207,departure,r17090598,f,2505011628,25-05-01 16:28:53.450
8000207,departure,r17090600,f,2505011628,25-05-01 16:28:53.450
8000207,departure,r17091890,f,2505011650,25-05-01 16:50:56.729
8000207,departure,r17091892,f,2505011650,25-05-01 16:50:56.729
8000207,departure,r17090486,f,2505011627,25-05-01 16:27:17.858
8000207,departure,r17090488,f,2505011627,25-05-01 16:27:17.858
8000207,departure,r17091882,f,2505011650,25-05-01 16:50:56.729
8000207,departure,r17091884,f,2505011650,25-05-01 16:50:56.729
8000207,arrival,r17092196,q,2505011659,25-05-01 16:59:57.872
8000207,arrival,r17092145,q,2505011658,25-05-01 16:58:38.687
8000207,arrival,r17092129,q,2505011658,25-05-01 16:58:22.879
8000207,departure,r17092129,q,2505011658,25-05-01 16:58:22.879
8000207,departure,r17091861,f,2505011650,25-05-01 16:50:56.729
8000207,departure,r17091863,f,2505011650,25-05-01 16:50:56.729
8000207,departure,r17090101,f,2505011622,25-05-01 16:22:47.279
8000207,arrival,r17085884,d,2505011449,25-05-01 14:49:44.832
8000207,arrival,r17090861,d,2505011634,25-05-01 16:34:28.253
8000207,departure,r17085884,d,2505011449,25-05-01 14:49:44.832
8000207,departure,r17090093,f,2505011622,25-05-01 16:22:47.279
8000207,departure,r17090861,d,2505011634,25-05-01 16:34:28.253
8000207,departure,r17091855,f,2505011650,25-05-01 16:50:56.729
8000207,departure,r17091857,f,2505011650,25-05-01 16:50:56.729
8000207,departure,r17055478,f,2504302022,25-04-30 20:22:41.105
8000207,departure,r17055479,f,2504302022,25-04-30 20:22:41.105
8000207,departure,r17090482,f,2505011627,25-05-01 16:27:17.858
8000207,departure,r17090484,f,2505011627,25-05-01 16:27:17.858
8000207,departure,r17091165,f,2505011639,25-05-01 16:39:15.348
8000207,arrival,r17088728,d,2505011554,25-05-01 15:54:41.135
8000207,departure,r17086085,f,2505011453,25-05-01 14:53:43.320
8000207,departure,r17088728,d,2505011554,25-05-01 15:54:41.135
8000207,departure,r17090092,f,2505011622,25-05-01 16:22:47.279
8000207,departure,r17090465,f,2505011627,25-05-01 16:27:17.858
8000207,departure,r17090467,f,2505011627,25-05-01 16:27:17.858
8000207,arrival,r17078730,d,2505011204,25-05-01 12:05:09.703
8000207,arrival,r17080253,f,2505011238,25-05-01 12:38:41.036
8000207,departure,r17078730,d,2505011204,25-05-01 12:05:09.703
8000207,departure,r17080253,f,2505011238,25-05-01 12:38:41.036
8000207,arrival,r17088091,d,2505011541,25-05-01 15:41:26.219
8000207,departure,r17088091,d,2505011541,25-05-01 15:41:26.219
8000207,arrival,r17084629,q,2505011421,25-05-01 14:21:58.221
8000207,arrival,r17084676,d,2505011422,25-05-01 14:22:29.970
8000207,departure,r17084629,q,2505011421,25-05-01 14:21:58.221
8000207,departure,r17084676,d,2505011422,25-05-01 14:22:29.970
8000207,departure,r17085389,f,2505011437,25-05-01 14:37:50.445
8000207,departure,r17091166,f,2505011639,25-05-01 16:39:15.348
8000207,departure,r17086087,f,2505011453,25-05-01 14:53:43.320
8000207,departure,r17091144,f,2505011639,25-05-01 16:39:15.348
8000207,departure,r17091168,f,2505011639,25-05-01 16:39:15.348
8000207,departure,r17091158,f,2505011639,25-05-01 16:39:15.348
8000207,departure,r17085390,f,2505011437,25-05-01 14:37:50.445
8000207,departure,r17086082,f,2505011453,25-05-01 14:53:43.320
8000207,departure,r17086084,f,2505011453,25-05-01 14:53:43.320
8000207,departure,r17091139,f,2505011639,25-05-01 16:39:15.348
8000207,departure,r17091141,f,2505011639,25-05-01 16:39:15.348
8000207,arrival,r17083523,d,2505011355,25-05-01 13:55:46.720
8000207,arrival,r17084789,d,2505011424,25-05-01 14:24:21.091
8000207,arrival,r17086083,f,2505011453,25-05-01 14:53:43.320
8000207,departure,r17083523,d,2505011355,25-05-01 13:55:46.720
8000207,departure,r17084789,d,2505011424,25-05-01 14:24:21.091
8000207,departure,r17085385,f,2505011437,25-05-01 14:37:50.445
8000207,departure,r17091167,f,2505011639,25-05-01 16:39:15.348
8000207,departure,r17091130,f,2505011639,25-05-01 16:39:15.348
8000207,departure,r17091132,f,2505011639,25-05-01 16:39:15.348
8000207,arrival,r17068364,f,2505010618,25-05-01 06:19:09.534
8000207,departure,r17068364,f,2505010618,25-05-01 06:19:09.534
8000207,departure,r17091156,f,2505011639,25-05-01 16:39:15.348
8000207,departure,r17090103,f,2505011622,25-05-01 16:23:03.367
8000207,departure,r17090105,f,2505011622,25-05-01 16:23:03.367
8000207,departure,r17091164,f,2505011639,25-05-01 16:39:15.347
8000207,arrival,r17084633,d,2505011421,25-05-01 14:21:58.220
8000207,arrival,r17088635,f,2505011551,25-05-01 15:51:47.003
8000207,arrival,r17089266,d,2505011605,25-05-01 16:05:32.768
8000207,departure,r17084633,d,2505011421,25-05-01 14:21:58.220
8000207,departure,r17085754,f,2505011446,25-05-01 14:46:34.630
8000207,departure,r17088635,f,2505011551,25-05-01 15:51:47.003
8000207,departure,r17089266,d,2505011605,25-05-01 16:05:32.768
8000207,departure,r17091150,f,2505011639,25-05-01 16:39:15.347
8000207,arrival,r17084632,q,2505011421,25-05-01 14:21:58.220
8000207,arrival,r17087271,d,2505011520,25-05-01 15:20:30.606
8000207,departure,r17084632,q,2505011421,25-05-01 14:21:58.220
8000207,departure,r17087271,d,2505011520,25-05-01 15:20:30.606
8000207,departure,r17090097,f,2505011622,25-05-01 16:22:47.279
8000207,arrival,r17086067,d,2505011453,25-05-01 14:53:11.310
8000207,arrival,r17088369,f,2505011547,25-05-01 15:47:17.000
8000207,arrival,r17088370,f,2505011547,25-05-01 15:47:17.000
8000207,departure,r17086067,d,2505011453,25-05-01 14:53:11.310
8000207,departure,r17088369,f,2505011547,25-05-01 15:47:17.000
8000207,departure,r17088370,f,2505011547,25-05-01 15:47:17.000
8000207,departure,r17090107,f,2505011622,25-05-01 16:23:03.368
8000207,departure,r17090478,f,2505011627,25-05-01 16:27:17.858
8000207,departure,r17090480,f,2505011627,25-05-01 16:27:17.858
8000207,arrival,r17066349,f,2505010228,25-05-01 02:29:01.382
8000207,departure,r17066349,f,2505010228,25-05-01 02:29:01.382
8000207,departure,r17090108,f,2505011622,25-05-01 16:23:03.368
8000207,departure,r17090110,f,2505011622,25-05-01 16:23:03.368
8000207,departure,r17090089,f,2505011622,25-05-01 16:22:47.278
8000207,departure,r17090091,f,2505011622,25-05-01 16:22:47.278
8000207,departure,r17090472,f,2505011627,25-05-01 16:27:17.858
8000207,departure,r17090474,f,2505011627,25-05-01 16:27:17.858
8000207,departure,r17088759,f,2505011555,25-05-01 15:55:28.630
8000207,departure,r17088760,f,2505011555,25-05-01 15:55:28.630
8000207,departure,r17090823,d,2505011633,25-05-01 16:33:24.540
8000207,departure,r17090896,d,2505011635,25-05-01 16:35:16.155
8000207,arrival,r17086465,d,2505011504,25-05-01 15:04:19.101
8000207,departure,r17086465,d,2505011504,25-05-01 15:04:19.101
8000207,arrival,r17089669,d,2505011612,25-05-01 16:12:43.409
8000207,departure,r17089669,d,2505011612,25-05-01 16:12:43.409
8000207,arrival,r17076481,d,2505011107,25-05-01 11:07:44.912
8000207,arrival,r17080241,f,2505011238,25-05-01 12:38:09.260
8000207,arrival,r17089745,d,2505011614,25-05-01 16:15:06.382
8000207,departure,r17076481,d,2505011107,25-05-01 11:07:44.912
8000207,departure,r17080241,f,2505011238,25-05-01 12:38:09.260
8000207,departure,r17089745,d,2505011614,25-05-01 16:15:06.382
8000207,arrival,r17089725,d,2505011614,25-05-01 16:14:34.736
8000207,arrival,r17089774,f,2505011615,25-05-01 16:15:38.244
8000207,departure,r17089725,d,2505011614,25-05-01 16:14:34.736
8000207,departure,r17089774,f,2505011615,25-05-01 16:15:38.244
8000207,arrival,r17090054,d,2505011622,25-05-01 16:22:15.461
8000207,arrival,r17090256,d,2505011624,25-05-01 16:24:54.913
8000207,departure,r17090054,d,2505011622,25-05-01 16:22:15.461
8000207,departure,r17090094,f,2505011622,25-05-01 16:22:47.279
8000207,departure,r17090096,f,2505011622,25-05-01 16:22:47.279
8000207,departure,r17090256,d,2505011624,25-05-01 16:24:54.913
8000207,departure,r17090098,f,2505011622,25-05-01 16:22:47.279
8000207,departure,r17090100,f,2505011622,25-05-01 16:22:47.279
8000207,arrival,r17067696,d,2505010458,25-05-01 04:58:44.035
8000207,arrival,r17090090,f,2505011622,25-05-01 16:22:47.279
8000207,arrival,r17090095,f,2505011622,25-05-01 16:22:47.279
8000207,arrival,r17090099,f,2505011622,25-05-01 16:22:47.279
8000207,arrival,r17090104,f,2505011622,25-05-01 16:23:03.368
8000207,arrival,r17090109,f,2505011622,25-05-01 16:23:03.368
8000207,arrival,r17088715,d,2505011554,25-05-01 15:54:25.258
8000207,departure,r17088715,d,2505011554,25-05-01 15:54:25.258
8000207,arrival,r17087910,d,2505011536,25-05-01 15:36:40.314
8000207,arrival,r17088948,d,2505011557,25-05-01 15:58:08.088
8000207,arrival,r17089793,d,2505011615,25-05-01 16:16:09.915
8000207,departure,r17087910,d,2505011536,25-05-01 15:36:40.314
8000207,departure,r17088948,d,2505011557,25-05-01 15:58:08.088
8000207,departure,r17089793,d,2505011615,25-05-01 16:16:09.915
8000207,arrival,r17089224,d,2505011604,25-05-01 16:04:44.615
8000207,arrival,r17086956,d,2505011515,25-05-01 15:15:43.207
8000207,departure,r17086956,d,2505011515,25-05-01 15:15:43.207
8000207,arrival,r17086189,d,2505011456,25-05-01 14:56:54.322
8000207,arrival,r17086682,f,2505011509,25-05-01 15:09:38.187
8000207,arrival,r17015221,d,2504300823,25-04-30 08:23:14.398
8000207,departure,r17015221,d,2504300823,25-04-30 08:23:14.398
8000207,arrival,r17076984,d,2505011118,25-05-01 11:18:32.055
8000207,arrival,r17077010,d,2505011119,25-05-01 11:19:19.465
8000207,departure,r17076984,d,2505011118,25-05-01 11:18:32.055
8000207,departure,r17077010,d,2505011119,25-05-01 11:19:19.465
8000207,departure,r17086086,f,2505011453,25-05-01 14:53:43.320
8000207,arrival,r17088563,d,2505011550,25-05-01 15:50:11.710
8000207,departure,r17085760,f,2505011446,25-05-01 14:46:34.631
8000207,departure,r17088563,d,2505011550,25-05-01 15:50:11.710
8000207,arrival,r17076402,d,2505011106,25-05-01 11:06:41.265
8000207,arrival,r17080224,f,2505011237,25-05-01 12:37:53.429
8000207,departure,r17076402,d,2505011106,25-05-01 11:06:41.265
8000207,departure,r17080224,f,2505011237,25-05-01 12:37:53.429
8000207,departure,r17028657,d,2504301317,25-04-30 13:17:33.210
8000207,departure,r17067703,d,2505010459,25-05-01 04:59:14.857
8000207,departure,r17085755,f,2505011446,25-05-01 14:46:34.630
8000207,arrival,r17085045,d,2505011431,25-05-01 14:32:00.389
8000207,arrival,r17086173,d,2505011456,25-05-01 14:56:22.502
8000207,departure,r17085045,d,2505011431,25-05-01 14:32:00.389
8000207,departure,r17086173,d,2505011456,25-05-01 14:56:22.502
8000207,arrival,r17083829,d,2505011400,25-05-01 14:00:46.586
8000207,departure,r17083829,d,2505011400,25-05-01 14:00:46.586
8000207,departure,r17085231,f,2505011434,25-05-01 14:34:39.362
8000207,departure,r17085235,f,2505011434,25-05-01 14:34:39.362
8000207,departure,r17087992,f,2505011538,25-05-01 15:39:03.293
8000207,departure,r17087991,f,2505011538,25-05-01 15:39:03.293
8000207,arrival,r17087096,d,2505011517,25-05-01 15:17:18.814
8000207,departure,r17087096,d,2505011517,25-05-01 15:17:18.814
8000207,departure,r17085757,f,2505011446,25-05-01 14:46:34.631
8000207,departure,r17085759,f,2505011446,25-05-01 14:46:34.631
8000207,arrival,r17086391,q,2505011502,25-05-01 15:02:27.457
8000207,departure,r17086391,q,2505011502,25-05-01 15:02:27.457
8000207,arrival,r17087904,d,2505011536,25-05-01 15:36:24.409
8000207,departure,r17087904,d,2505011536,25-05-01 15:36:24.409
8000207,arrival,r17087866,d,2505011535,25-05-01 15:35:52.464
8000207,departure,r17087866,d,2505011535,25-05-01 15:35:52.464
8000207,departure,r17084723,f,2505011423,25-05-01 14:24:05.164
8000207,departure,r17085240,f,2505011434,25-05-01 14:34:55.349
8000207,arrival,r17086942,d,2505011515,25-05-01 15:15:27.269
8000207,departure,r17086942,d,2505011515,25-05-01 15:15:27.269
8000207,arrival,r17028036,d,2504301307,25-04-30 13:07:20.370
8000207,departure,r17028036,d,2504301307,25-04-30 13:07:20.370
8000207,departure,r17051024,f,2504301900,25-04-30 19:00:32.179
8000207,departure,r17085751,f,2505011446,25-05-01 14:46:34.630
8000207,departure,r17085753,f,2505011446,25-05-01 14:46:34.630
8000207,arrival,r17081428,d,2505011305,25-05-01 13:05:36.090
8000207,departure,r17081428,d,2505011305,25-05-01 13:05:36.090
8000207,departure,r17085396,f,2505011437,25-05-01 14:37:50.445
8000207,arrival,r17083072,d,2505011345,25-05-01 13:45:27.219
8000207,arrival,r17085752,f,2505011446,25-05-01 14:46:34.630
8000207,arrival,r17085758,f,2505011446,25-05-01 14:46:34.630
8000207,arrival,r17080136,d,2505011234,25-05-01 12:34:58.632
8000207,arrival,r17080149,d,2505011235,25-05-01 12:35:14.573
8000207,arrival,r17080558,d,2505011244,25-05-01 12:44:14.462
8000207,arrival,r17085548,d,2505011442,25-05-01 14:42:20.139
8000207,departure,r17080136,d,2505011234,25-05-01 12:34:58.632
8000207,departure,r17080149,d,2505011235,25-05-01 12:35:14.573
8000207,departure,r17080558,d,2505011244,25-05-01 12:44:14.462
8000207,departure,r17085548,d,2505011442,25-05-01 14:42:20.139
8000207,arrival,r17067595,d,2505010452,25-05-01 04:52:19.108
8000207,arrival,r17075555,q,2505011046,25-05-01 10:46:41.237
8000207,arrival,r17085383,f,2505011437,25-05-01 14:37:50.445
8000207,arrival,r17085387,f,2505011437,25-05-01 14:37:50.445
8000207,departure,r17084740,f,2505011424,25-05-01 14:24:05.164
8000207,departure,r17085394,f,2505011437,25-05-01 14:37:50.445
8000207,arrival,r17055348,f,2504302019,25-04-30 20:19:44.005
8000207,arrival,r17055349,f,2504302019,25-04-30 20:19:44.005
8000207,arrival,r17082901,d,2505011343,25-05-01 13:43:04.142
8000207,departure,r17082901,d,2505011343,25-05-01 13:43:04.142
8000207,departure,r17085395,f,2505011437,25-05-01 14:37:50.445
8000207,arrival,r17075927,d,2505011054,25-05-01 10:54:19.332
8000207,arrival,r17080155,f,2505011235,25-05-01 12:35:30.561
8000207,departure,r17075927,d,2505011054,25-05-01 10:54:19.332
8000207,departure,r17080155,f,2505011235,25-05-01 12:35:30.561
8000207,arrival,r17084910,d,2505011427,25-05-01 14:27:15.270
8000207,departure,r17084910,d,2505011427,25-05-01 14:27:15.270
8000207,arrival,r17085591,f,2505011443,25-05-01 14:43:55.891
8000207,arrival,r17085592,f,2505011443,25-05-01 14:43:55.891
8000207,departure,r17084729,f,2505011424,25-05-01 14:24:05.157
8000207,arrival,r17085080,d,2505011432,25-05-01 14:32:47.877
8000207,departure,r17085080,d,2505011432,25-05-01 14:32:47.877
8000207,departure,r17085236,f,2505011434,25-05-01 14:34:39.361
8000207,arrival,r17077045,d,2505011120,25-05-01 11:20:22.480
8000207,arrival,r17077136,d,2505011123,25-05-01 11:23:32.458
8000207,arrival,r17077229,d,2505011126,25-05-01 11:26:10.317
8000207,arrival,r17082201,d,2505011326,25-05-01 13:26:42.343
8000207,arrival,r17082730,d,2505011340,25-05-01 13:40:09.776
8000207,arrival,r17083304,f,2505011348,25-05-01 13:48:54.704
8000207,arrival,r17085229,f,2505011434,25-05-01 14:34:39.363
8000207,arrival,r17085233,f,2505011434,25-05-01 14:34:39.363
8000207,arrival,r17085238,f,2505011434,25-05-01 14:34:55.349
8000207,departure,r17077045,d,2505011120,25-05-01 11:20:22.480
8000207,departure,r17077136,d,2505011123,25-05-01 11:23:32.458
8000207,departure,r17077229,d,2505011126,25-05-01 11:26:10.317
8000207,departure,r17082201,d,2505011326,25-05-01 13:26:42.343
8000207,departure,r17082730,d,2505011340,25-05-01 13:40:09.776
8000207,departure,r17083304,f,2505011348,25-05-01 13:48:54.704
8000207,departure,r17085382,f,2505011437,25-05-01 14:37:50.445
8000207,departure,r17085384,f,2505011437,25-05-01 14:37:50.445
8000207,arrival,r17078615,d,2505011201,25-05-01 12:01:43.584
8000207,arrival,r17084098,d,2505011408,25-05-01 14:08:28.526
8000207,departure,r17078615,d,2505011201,25-05-01 12:01:43.584
8000207,departure,r17084098,d,2505011408,25-05-01 14:08:28.526
8000207,arrival,r17076934,d,2505011117,25-05-01 11:17:13.151
8000207,arrival,r17083612,f,2505011358,25-05-01 13:58:08.789
8000207,arrival,r17086535,d,2505011505,25-05-01 15:05:38.608
8000207,departure,r17076934,d,2505011117,25-05-01 11:17:13.151
8000207,departure,r17083612,f,2505011358,25-05-01 13:58:08.789
8000207,departure,r17086535,d,2505011505,25-05-01 15:05:38.608
8000207,departure,r17085232,f,2505011434,25-05-01 14:34:39.363
8000207,departure,r17085234,f,2505011434,25-05-01 14:34:39.363
8000207,departure,r17085391,f,2505011437,25-05-01 14:37:50.445
8000207,arrival,r17066211,q,2505010209,25-05-01 02:09:46.863
8000207,arrival,r17066219,f,2505010211,25-05-01 02:11:49.774
8000207,arrival,r17066221,q,2505010212,25-05-01 02:12:20.536
8000207,arrival,r17066227,f,2505010212,25-05-01 02:12:51.368
8000207,arrival,r17067686,d,2505010458,25-05-01 04:58:13.252
8000207,arrival,r17080642,d,2505011246,25-05-01 12:46:37.011
8000207,arrival,r17082179,f,2505011325,25-05-01 13:25:38.844
8000207,arrival,r17084721,f,2505011423,25-05-01 14:24:05.164
8000207,arrival,r17084727,f,2505011424,25-05-01 14:24:05.164
8000207,arrival,r17084738,f,2505011424,25-05-01 14:24:05.164
8000207,arrival,r17085576,d,2505011442,25-05-01 14:43:07.928
8000207,arrival,r17086340,d,2505011501,25-05-01 15:01:23.908
8000207,arrival,r17083674,d,2505011359,25-05-01 13:59:59.211
8000207,arrival,r17084338,f,2505011415,25-05-01 14:15:37.805
8000207,departure,r17083674,d,2505011359,25-05-01 13:59:59.211
8000207,departure,r17084338,f,2505011415,25-05-01 14:15:37.805
8000207,departure,r17085228,f,2505011434,25-05-01 14:34:39.362
8000207,departure,r17085230,f,2505011434,25-05-01 14:34:39.362
8000207,departure,r17085392,f,2505011437,25-05-01 14:37:50.444
8000207,departure,r17084779,f,2505011424,25-05-01 14:24:05.164
8000207,departure,r17085237,f,2505011434,25-05-01 14:34:55.349
8000207,departure,r17085239,f,2505011434,25-05-01 14:34:55.349
8000207,departure,r17085386,f,2505011437,25-05-01 14:37:50.445
8000207,departure,r17085388,f,2505011437,25-05-01 14:37:50.445
8000207,arrival,r17083988,d,2505011405,25-05-01 14:05:48.659
8000207,departure,r17083988,d,2505011405,25-05-01 14:05:48.659
8000207,arrival,r17071143,d,2505010829,25-05-01 08:29:39.585
8000207,arrival,r17073051,d,2505010935,25-05-01 09:35:33.433
8000207,arrival,r17076714,f,2505011112,25-05-01 11:12:44.823
8000207,departure,r17071143,d,2505010829,25-05-01 08:29:39.585
8000207,departure,r17073051,d,2505010935,25-05-01 09:35:33.433
8000207,departure,r17076714,f,2505011112,25-05-01 11:12:44.823
8000207,departure,r17082368,f,2505011330,25-05-01 13:30:39.164
8000207,departure,r17084782,f,2505011424,25-05-01 14:24:05.164
8000207,arrival,r17086080,d,2505011453,25-05-01 14:53:43.319
8000207,departure,r17086080,d,2505011453,25-05-01 14:53:43.319
8000207,arrival,r17083411,d,2505011351,25-05-01 13:51:49.300
8000207,departure,r17083411,d,2505011351,25-05-01 13:51:49.300
8000207,departure,r17085393,f,2505011437,25-05-01 14:37:50.444
8000207,departure,r17084737,f,2505011424,25-05-01 14:24:05.164
8000207,departure,r17084739,f,2505011424,25-05-01 14:24:05.164
8000207,arrival,r17076328,d,2505011105,25-05-01 11:05:37.971
8000207,arrival,r17080113,f,2505011234,25-05-01 12:34:42.605
8000207,departure,r17076328,d,2505011105,25-05-01 11:05:37.971
8000207,departure,r17080113,f,2505011234,25-05-01 12:34:42.605
8000207,departure,r17084724,f,2505011424,25-05-01 14:24:05.160
8000207,arrival,r17084715,d,2505011423,25-05-01 14:24:05.157
8000207,departure,r17084715,d,2505011423,25-05-01 14:24:05.157
8000207,departure,r17084755,f,2505011424,25-05-01 14:24:05.157
8000207,arrival,r17083872,d,2505011401,25-05-01 14:02:05.839
8000207,departure,r17083872,d,2505011401,25-05-01 14:02:05.839
8000207,arrival,r17077705,d,2505011138,25-05-01 11:38:18.701
8000207,arrival,r17080467,d,2505011242,25-05-01 12:42:07.413
8000207,arrival,r17080477,d,2505011242,25-05-01 12:42:23.266
8000207,departure,r17077705,d,2505011138,25-05-01 11:38:18.701
8000207,departure,r17080467,d,2505011242,25-05-01 12:42:07.413
8000207,departure,r17080477,d,2505011242,25-05-01 12:42:23.266
8000207,departure,r17085474,f,2505011440,25-05-01 14:40:44.430
8000207,departure,r17085475,f,2505011440,25-05-01 14:40:44.430
8000207,departure,r17084726,f,2505011424,25-05-01 14:24:05.160
8000207,departure,r17084728,f,2505011424,25-05-01 14:24:05.160
8000207,departure,r17084720,f,2505011423,25-05-01 14:24:05.164
8000207,departure,r17084722,f,2505011423,25-05-01 14:24:05.164
8000207,arrival,r17084591,d,2505011420,25-05-01 14:20:23.030
8000207,departure,r17084591,d,2505011420,25-05-01 14:20:23.030
8000207,departure,r17084765,f,2505011424,25-05-01 14:24:05.164
8000207,departure,r17044122,f,2504301718,25-04-30 17:18:29.914
8000207,departure,r17044123,f,2504301718,25-04-30 17:18:29.914
8000207,departure,r17044141,q,2504301718,25-04-30 17:18:46.400
8000207,departure,r17044165,q,2504301718,25-04-30 17:19:02.788
8000207,departure,r17044403,f,2504301722,25-04-30 17:22:04.528
8000207,departure,r17044404,f,2504301722,25-04-30 17:22:04.528
8000207,departure,r17044415,q,2504301722,25-04-30 17:22:21.240
8000207,arrival,r17084787,d,2505011424,25-05-01 14:24:21.090
8000207,departure,r17084787,d,2505011424,25-05-01 14:24:21.090
8000207,departure,r17083490,f,2505011354,25-05-01 13:54:59.220
8000207,arrival,r17081132,d,2505011258,25-05-01 12:58:43.306
8000207,departure,r17081132,d,2505011258,25-05-01 12:58:43.306
8000207,arrival,r17083608,d,2505011357,25-05-01 13:58:08.789
8000207,departure,r17082370,f,2505011330,25-05-01 13:30:39.164
8000207,departure,r17083608,d,2505011357,25-05-01 13:58:08.789
8000207,departure,r17082369,f,2505011330,25-05-01 13:30:39.164
8000207,arrival,r17077630,f,2505011136,25-05-01 11:36:43.661
8000207,arrival,r17077662,f,2505011137,25-05-01 11:37:15.481
8000207,departure,r17077630,f,2505011136,25-05-01 11:36:43.661
8000207,departure,r17077662,f,2505011137,25-05-01 11:37:15.481
8000207,departure,r17083487,f,2505011354,25-05-01 13:54:59.220
8000207,departure,r17083489,f,2505011354,25-05-01 13:54:59.220
8000207,arrival,r17083508,d,2505011355,25-05-01 13:55:30.777
8000207,departure,r17083508,d,2505011355,25-05-01 13:55:30.777
8000207,arrival,r17080586,d,2505011245,25-05-01 12:45:17.873
8000207,arrival,r17080680,q,2505011247,25-05-01 12:47:24.427
8000207,arrival,r17082365,f,2505011330,25-05-01 13:30:39.164
8000207,arrival,r17082372,f,2505011330,25-05-01 13:30:39.164
8000207,arrival,r17082377,f,2505011330,25-05-01 13:30:54.877
8000207,departure,r17080402,f,2505011241,25-05-01 12:41:51.464
8000207,departure,r17080586,d,2505011245,25-05-01 12:45:17.873
8000207,departure,r17080680,q,2505011247,25-05-01 12:47:24.427
8000207,departure,r17083497,f,2505011355,25-05-01 13:55:14.962
8000207,arrival,r17079819,d,2505011228,25-05-01 12:28:38.790
8000207,arrival,r17083488,f,2505011354,25-05-01 13:54:59.220
8000207,departure,r17079819,d,2505011228,25-05-01 12:28:38.790
8000207,departure,r17028675,d,2504301317,25-04-30 13:18:05.407
8000207,departure,r17067692,d,2505010458,25-05-01 04:58:28.623
8000207,departure,r17082364,f,2505011330,25-05-01 13:30:39.164
8000207,departure,r17082366,f,2505011330,25-05-01 13:30:39.164
8000207,departure,r17080379,f,2505011241,25-05-01 12:41:19.750
8000207,departure,r17080417,f,2505011241,25-05-01 12:41:51.464
8000207,departure,r17051023,f,2504301900,25-04-30 19:00:32.179
8000207,arrival,r17075613,d,2505011047,25-05-01 10:47:44.792
8000207,arrival,r17078442,d,2505011156,25-05-01 11:57:00.395
8000207,arrival,r17079474,d,2505011220,25-05-01 12:21:00.580
8000207,departure,r17075613,d,2505011047,25-05-01 10:47:44.792
8000207,departure,r17078442,d,2505011156,25-05-01 11:57:00.395
8000207,departure,r17079474,d,2505011220,25-05-01 12:21:00.580
8000207,departure,r17080397,f,2505011241,25-05-01 12:41:51.464
8000207,departure,r17080408,f,2505011241,25-05-01 12:41:51.464
8000207,departure,r17080421,f,2505011241,25-05-01 12:41:51.464
8000207,departure,r17081147,d,2505011259,25-05-01 12:59:30.677
8000207,departure,r17080371,f,2505011241,25-05-01 12:41:19.750
8000207,departure,r17080373,f,2505011241,25-05-01 12:41:19.750
8000207,departure,r17080446,f,2505011241,25-05-01 12:41:51.464
8000207,departure,r17080448,f,2505011241,25-05-01 12:41:51.464
8000207,departure,r17080393,f,2505011241,25-05-01 12:41:51.464
8000207,departure,r17080395,f,2505011241,25-05-01 12:41:51.464
8000207,departure,r17080811,d,2505011250,25-05-01 12:51:05.582
8000207,arrival,r17076565,f,2505011109,25-05-01 11:09:35.352
8000207,arrival,r17077224,d,2505011125,25-05-01 11:25:54.521
8000207,arrival,r17077480,f,2505011132,25-05-01 11:32:14.213
8000207,arrival,r17080574,d,2505011244,25-05-01 12:45:01.933
8000207,departure,r17076565,f,2505011109,25-05-01 11:09:35.352
8000207,departure,r17077224,d,2505011125,25-05-01 11:25:54.521
8000207,departure,r17077480,f,2505011132,25-05-01 11:32:14.213
8000207,departure,r17080418,f,2505011241,25-05-01 12:41:51.464
8000207,departure,r17080420,f,2505011241,25-05-01 12:41:51.464
8000207,departure,r17080574,d,2505011244,25-05-01 12:45:01.933
8000207,departure,r17055457,f,2504302022,25-04-30 20:22:09.013
8000207,departure,r17055458,f,2504302022,25-04-30 20:22:09.013
8000207,departure,r17080399,f,2505011241,25-05-01 12:41:51.464
8000207,departure,r17080401,f,2505011241,25-05-01 12:41:51.464
8000207,departure,r17079638,f,2505011223,25-05-01 12:23:38.613
8000207,departure,r17027960,d,2504301305,25-04-30 13:05:43.358
8000207,departure,r17050983,f,2504301900,25-04-30 19:00:32.182
8000207,departure,r17069281,d,2505010709,25-05-01 07:09:41.756
8000207,departure,r17069292,f,2505010710,25-05-01 07:10:12.858
8000207,departure,r17071370,f,2505010837,25-05-01 08:37:29.952
8000207,departure,r17071811,q,2505010857,25-05-01 08:57:20.699
8000207,departure,r17071367,f,2505010837,25-05-01 08:37:29.952
8000207,departure,r17071369,f,2505010837,25-05-01 08:37:29.952
8000207,departure,r17071625,d,2505010849,25-05-01 08:49:15.263
8000207,departure,r17074184,f,2505011010,25-05-01 10:10:42.099
8000207,departure,r17074286,f,2505011013,25-05-01 10:13:03.310
8000207,departure,r17069259,f,2505010708,25-05-01 07:08:08.379
8000207,departure,r17069280,d,2505010709,25-05-01 07:09:41.756
8000207,departure,r17074181,f,2505011010,25-05-01 10:10:42.099
8000207,departure,r17074183,f,2505011010,25-05-01 10:10:42.099
8000207,departure,r17074285,f,2505011013,25-05-01 10:13:03.310
8000207,departure,r17074591,q,2505011020,25-05-01 10:20:40.283
8000207,departure,r17074755,d,2505011025,25-05-01 10:25:39.234
8000207,arrival,r17076410,d,2505011106,25-05-01 11:06:57.369
8000207,departure,r17075953,f,2505011054,25-05-01 10:54:50.887
8000207,departure,r17076410,d,2505011106,25-05-01 11:06:57.369
8000207,departure,r17028815,d,2504301320,25-04-30 13:20:46.442
8000207,departure,r17067678,d,2505010457,25-05-01 04:57:27.039
8000207,departure,r17073223,f,2505010941,25-05-01 09:41:51.357
8000207,departure,r17073225,f,2505010941,25-05-01 09:41:51.357
8000207,arrival,r16920120,f,2504281242,25-04-28 12:43:13.313
8000207,arrival,r16920161,f,2504281243,25-04-28 12:44:01.572
8000207,arrival,r16920162,f,2504281243,25-04-28 12:44:01.572
8000207,arrival,r16950351,f,2504290147,25-04-29 01:47:13.713
8000207,arrival,r16950353,f,2504290147,25-04-29 01:47:13.713
8000207,arrival,r16950354,f,2504290147,25-04-29 01:47:13.713
8000207,arrival,r17005221,f,2504300144,25-04-30 01:44:14.546
8000207,arrival,r17005222,f,2504300144,25-04-30 01:44:14.546
8000207,arrival,r17005223,f,2504300144,25-04-30 01:44:14.546
8000207,arrival,r17063726,f,2505010145,25-05-01 01:45:19.535
8000207,arrival,r17063727,f,2505010145,25-05-01 01:45:19.535
8000207,arrival,r17063728,f,2505010145,25-05-01 01:45:19.535
8000207,departure,r16920120,f,2504281242,25-04-28 12:43:13.313
8000207,departure,r16920161,f,2504281243,25-04-28 12:44:01.572
8000207,departure,r16920162,f,2504281243,25-04-28 12:44:01.572
8000207,departure,r16950351,f,2504290147,25-04-29 01:47:13.713
8000207,departure,r16950353,f,2504290147,25-04-29 01:47:13.713
8000207,departure,r16950354,f,2504290147,25-04-29 01:47:13.713
8000207,departure,r17005221,f,2504300144,25-04-30 01:44:14.546
8000207,departure,r17005222,f,2504300144,25-04-30 01:44:14.546
8000207,departure,r17005223,f,2504300144,25-04-30 01:44:14.546
8000207,departure,r17063726,f,2505010145,25-05-01 01:45:19.535
8000207,departure,r17063727,f,2505010145,25-05-01 01:45:19.535
8000207,departure,r17063728,f,2505010145,25-05-01 01:45:19.535
